Country Name,Year,Employment Sector: Agriculture,Employment Sector: Industry,Employment Sector: Services,Unemployment Rate,GDP (billion USD)
Afghanistan,2012,50.4,17.1,32.4,7.86,19.91
Albania,2012,46.0,17.3,36.7,13.38,12.25
Algeria,2012,10.8,30.5,58.8,10.97,227.14
Angola,2012,53.3,8.2,38.5,16.56,128.05
Argentina,2012,8.4,21.8,69.8,7.22,545.98
Armenia,2012,52.6,15.6,31.9,17.51,10.62
Australia,2012,2.8,20.7,76.5,5.22,1547.53
Austria,2012,4.7,26.1,69.2,4.91,406.75
Azerbaijan,2012,37.7,14.3,48.1,5.19,69.68
"Bahamas, The",2012,3.6,12.7,83.7,14.02,10.72
Bahrain,2012,1.1,35.0,63.9,1.2,31.96
Bangladesh,2012,45.9,19.6,34.5,4.07,133.31
Barbados,2012,3.0,18.7,78.3,11.59,5.27
Belarus,2012,11.7,32.6,55.7,5.95,65.69
Belgium,2012,1.2,21.8,77.1,7.54,498.41
Belize,2012,18.0,15.2,66.8,8.38,1.91
Benin,2012,41.7,18.9,39.4,2.41,11.14
Bhutan,2012,58.1,8.1,33.8,2.05,1.97
Bolivia,2012,30.9,17.8,51.3,2.07,27.08
Bosnia and Herzegovina,2012,20.6,30.4,49.1,28.01,17.23
Botswana,2012,21.7,17.9,60.4,17.95,13.91
Brazil,2012,9.8,23.8,66.3,7.25,2465.23
Brunei Darussalam,2012,1.4,17.7,80.9,6.48,19.05
Bulgaria,2012,6.4,31.3,62.2,12.27,54.3
Burkina Faso,2012,78.2,6.1,15.7,3.86,12.56
Burundi,2012,87.2,3.2,9.6,1.59,2.33
Cabo Verde,2012,18.3,20.4,61.4,11.14,1.91
Cambodia,2012,53.2,17.7,29.1,0.5,17.83
Cameroon,2012,51.4,13.1,35.5,3.84,30.16
Canada,2012,1.8,20.5,77.8,7.39,1828.37
Central African Republic,2012,72.4,6.7,20.9,5.24,2.51
Chad,2012,73.4,6.8,19.8,0.9,17.89
Chile,2012,10.1,23.8,66.1,6.56,267.02
China,2012,33.6,30.3,36.1,4.58,8673.66
Colombia,2012,17.6,20.5,61.9,9.96,370.69
Comoros,2012,41.7,17.9,40.4,4.17,1.02
"Congo, Dem. Rep.",2012,62.6,8.5,28.9,4.49,29.31
"Congo, Rep.",2012,33.7,25.3,41.0,19.51,17.69
Costa Rica,2012,13.3,17.7,68.9,9.11,47.23
Cote d'Ivoire,2012,46.4,11.4,42.2,7.22,36.3
Croatia,2012,12.3,27.9,59.8,15.94,57.55
Cuba,2012,19.3,19.2,61.6,3.46,73.14
Cyprus,2012,2.9,20.2,76.9,12.1,25.05
Czechia,2012,3.1,38.1,58.8,6.98,210.36
Denmark,2012,2.6,19.8,77.6,7.8,326.79
Djibouti,2012,1.6,5.0,93.4,26.19,1.35
Dominican Republic,2012,11.4,18.6,70.1,6.72,60.56
Ecuador,2012,28.0,17.5,54.5,3.24,87.74
"Egypt, Arab Rep.",2012,27.1,24.9,48.1,12.6,279.12
El Salvador,2012,21.0,21.0,58.1,3.84,21.39
Equatorial Guinea,2012,54.2,15.2,30.6,7.96,22.39
Estonia,2012,4.5,31.1,64.4,10.02,23.24
Eswatini,2012,14.3,25.1,60.6,25.13,4.89
Ethiopia,2012,72.1,8.2,19.7,2.26,43.31
Fiji,2012,30.5,15.4,54.1,4.38,3.97
Finland,2012,4.2,22.8,73.1,7.69,257.44
France,2012,2.9,21.8,75.3,9.84,2683.01
Gabon,2012,34.0,12.4,53.5,19.73,17.17
"Gambia, The",2012,53.7,6.3,40.0,10.35,1.42
Georgia,2012,47.1,10.8,42.0,19.65,16.89
Germany,2012,1.6,28.2,70.2,5.37,3597.9
Ghana,2012,44.2,14.5,41.3,3.14,41.27
Greece,2012,12.3,16.7,71.0,24.73,238.84
Guam,2012,0.3,14.7,85.0,12.2,5.26
Guatemala,2012,32.3,19.5,48.2,2.76,49.59
Guinea,2012,65.5,5.9,28.6,4.88,7.64
Guinea-Bissau,2012,56.7,10.0,33.3,3.14,1.05
Guyana,2012,18.9,23.4,57.7,12.04,4.06
Haiti,2012,48.9,12.0,39.1,14.1,13.71
Honduras,2012,37.0,19.9,43.1,3.76,18.53
"Hong Kong SAR, China",2012,0.2,13.8,85.9,3.28,262.63
Hungary,2012,5.1,29.8,65.1,11.0,128.47
Iceland,2012,5.5,18.2,76.2,6.0,14.75
India,2012,47.1,24.7,28.2,7.67,1827.64
Indonesia,2012,35.9,21.1,43.0,4.47,917.87
"Iran, Islamic Rep.",2012,18.4,32.8,48.9,12.28,644.02
Iraq,2012,10.4,27.0,62.5,7.96,218.0
Ireland,2012,5.8,17.0,77.2,15.45,227.27
Israel,2012,1.1,17.5,81.4,6.76,263.59
Italy,2012,3.7,27.6,68.7,10.66,2097.93
Jamaica,2012,18.1,15.5,66.4,8.7,14.81
Japan,2012,3.8,25.5,70.8,4.36,6272.36
Jordan,2012,3.4,22.7,73.9,12.2,31.63
Kazakhstan,2012,25.5,19.4,55.1,5.29,208.0
Kenya,2012,38.4,13.3,48.2,2.68,56.4
"Korea, Rep.",2012,6.0,24.4,69.5,2.81,1278.05
Kuwait,2012,2.4,24.7,72.9,2.23,174.05
Kyrgyz Republic,2012,32.7,21.9,45.4,3.11,6.61
Lao PDR,2012,69.0,8.8,22.2,1.4,10.19
Latvia,2012,8.4,23.5,68.1,15.05,27.12
Lebanon,2012,4.0,22.6,73.4,7.94,44.02
Lesotho,2012,31.5,33.1,35.4,15.81,2.48
Liberia,2012,44.9,10.1,45.0,2.15,2.79
Libya,2012,10.6,25.1,64.3,19.03,92.54
Lithuania,2012,8.8,25.1,66.1,13.36,42.71
Luxembourg,2012,1.3,12.7,86.0,5.03,59.78
"Macao SAR, China",2012,0.5,19.2,80.4,1.97,43.19
Madagascar,2012,68.9,7.7,23.4,0.6,11.58
Malawi,2012,66.7,7.4,25.9,4.95,8.77
Malaysia,2012,13.3,27.6,59.2,3.1,314.44
Maldives,2012,10.2,19.9,69.8,9.14,2.89
Mali,2012,72.3,6.5,21.2,1.48,14.89
Malta,2012,1.0,22.2,76.8,6.2,9.61
Mauritania,2012,36.2,17.0,46.8,9.86,6.73
Mauritius,2012,7.7,28.0,64.3,7.47,11.67
Mexico,2012,14.5,22.9,62.6,4.89,1255.11
Moldova,2012,55.4,11.7,32.9,2.15,8.71
Mongolia,2012,35.0,18.2,46.8,3.9,12.29
Montenegro,2012,5.7,17.4,76.9,19.81,4.09
Morocco,2012,39.2,21.4,39.4,8.99,106.94
Mozambique,2012,74.9,6.1,19.0,3.3,16.69
Myanmar,2012,52.7,16.4,30.9,0.77,59.94
Namibia,2012,27.4,13.9,58.7,16.77,13.04
Nepal,2012,66.5,15.2,18.3,10.64,21.7
Netherlands,2012,2.7,17.2,80.1,5.82,845.69
New Caledonia,2012,2.0,25.7,72.3,14.05,9.66
New Zealand,2012,6.8,20.3,72.9,6.93,176.56
Nicaragua,2012,31.7,16.4,51.9,5.21,10.53
Niger,2012,74.5,7.2,18.3,2.18,9.43
Nigeria,2012,39.5,10.9,49.6,3.76,463.97
North Macedonia,2012,16.9,30.0,53.1,31.1,9.75
Norway,2012,2.2,20.2,77.5,3.13,512.78
Oman,2012,5.3,37.5,57.3,3.76,87.41
Pakistan,2012,42.9,22.3,34.8,3.67,250.11
Panama,2012,16.7,18.2,65.0,3.69,41.6
Papua New Guinea,2012,23.7,8.1,68.1,2.63,21.3
Paraguay,2012,24.7,18.6,56.7,4.08,33.27
Peru,2012,26.1,17.8,56.1,3.24,192.65
Philippines,2012,32.2,15.3,52.6,3.5,261.92
Poland,2012,12.6,30.4,57.0,10.03,498.15
Portugal,2012,10.8,25.2,64.1,15.53,216.54
Qatar,2012,1.4,51.8,46.9,0.48,186.83
Romania,2012,29.7,28.2,42.1,6.79,179.12
Russian Federation,2012,7.3,27.8,64.9,5.48,2208.29
Rwanda,2012,76.6,6.9,16.5,11.7,7.65
Samoa,2012,28.8,14.8,56.4,8.75,0.77
Sao Tome and Principe,2012,21.5,18.6,60.0,13.59,0.23
Saudi Arabia,2012,6.2,23.6,70.2,5.62,751.92
Senegal,2012,36.0,18.6,45.4,3.89,17.66
Serbia,2012,21.0,26.5,52.6,24.0,45.1
Sierra Leone,2012,61.0,5.6,33.4,4.55,6.14
Singapore,2012,0.4,20.3,79.3,3.72,295.09
Slovak Republic,2012,3.2,37.5,59.2,13.97,94.72
Slovenia,2012,8.4,31.0,60.6,8.84,46.17
Solomon Islands,2012,42.5,9.1,48.4,0.98,1.19
Somalia,2012,33.9,15.8,50.3,19.1,4.36
South Africa,2012,16.1,20.7,63.2,24.73,434.4
South Sudan,2012,61.7,14.8,23.5,12.9,11.93
Spain,2012,4.2,20.7,75.1,24.79,1330.99
Sri Lanka,2012,31.0,26.1,42.9,3.88,70.45
St. Lucia,2012,11.9,18.2,69.8,19.06,1.6
St. Vincent and the Grenadines,2012,12.0,19.9,68.1,19.87,0.73
Sudan,2012,44.5,14.8,40.6,17.0,37.63
Suriname,2012,7.1,24.9,68.0,8.1,4.98
Sweden,2012,2.1,19.6,78.3,7.98,549.74
Switzerland,2012,3.5,21.6,74.9,4.49,686.42
Syrian Arab Republic,2012,14.1,28.2,57.7,13.8,43.19
Tajikistan,2012,50.9,16.5,32.5,11.44,7.63
Tanzania,2012,69.4,6.0,24.6,3.22,39.65
Thailand,2012,42.1,19.8,38.0,0.58,397.56
Timor-Leste,2012,56.8,8.9,34.3,3.47,1.16
Togo,2012,37.0,18.6,44.4,2.03,5.41
Tonga,2012,31.9,27.7,40.5,1.64,0.47
Trinidad and Tobago,2012,3.7,28.5,67.7,3.72,27.15
Tunisia,2012,17.1,33.1,49.8,17.63,47.31
Turkiye,2012,23.6,26.0,50.4,9.21,880.56
Turkmenistan,2012,28.8,30.5,40.7,3.99,35.16
Uganda,2012,66.1,8.0,25.8,3.55,27.31
Ukraine,2012,15.9,27.2,56.9,7.53,182.59
United Arab Emirates,2012,3.0,27.6,69.5,2.33,384.61
United Kingdom,2012,1.2,19.1,79.7,8.25,2707.09
United States,2012,1.7,19.5,78.8,8.07,16254.0
Uruguay,2012,8.6,21.1,70.3,6.45,54.23
Uzbekistan,2012,26.6,22.7,50.7,4.87,67.52
Vanuatu,2012,61.5,6.7,31.8,4.95,0.75
"Venezuela, RB",2012,7.7,21.3,71.0,6.6,381.29
Viet Nam,2012,47.4,21.2,31.4,1.03,195.59
Virgin Islands (U.S.),2012,1.7,16.7,81.6,12.11,4.09
West Bank and Gaza,2012,11.5,26.7,61.8,19.2,12.21
"Yemen, Rep.",2012,27.1,16.1,56.9,13.47,35.4
Zambia,2012,63.9,10.1,26.0,7.85,25.5
Zimbabwe,2012,65.9,8.7,25.4,5.06,17.11
Afghanistan,2013,47.7,19.5,32.8,7.93,20.15
Albania,2013,44.2,16.9,38.9,15.87,12.8
Algeria,2013,10.8,30.1,59.1,9.82,229.7
Angola,2013,55.4,8.2,36.4,16.49,132.34
Argentina,2013,8.2,22.1,69.7,7.1,552.02
Armenia,2013,52.5,15.5,32.0,16.58,11.12
Australia,2013,2.6,20.5,76.9,5.66,1577.12
Austria,2013,4.6,25.9,69.5,5.37,426.58
Azerbaijan,2013,37.1,14.4,48.5,4.97,74.16
"Bahamas, The",2013,3.6,12.2,84.2,16.18,10.48
Bahrain,2013,1.1,35.1,63.9,1.18,33.82
Bangladesh,2013,45.1,20.8,34.1,4.43,150.0
Barbados,2013,2.9,18.9,78.2,11.55,5.36
Belarus,2013,11.2,32.4,56.4,5.94,75.53
Belgium,2013,1.4,21.7,76.9,8.43,524.1
Belize,2013,17.5,14.9,67.6,8.35,2.03
Benin,2013,39.6,19.4,41.1,2.1,12.52
Bhutan,2013,56.3,11.0,32.7,2.87,1.94
Bolivia,2013,32.8,16.7,50.5,2.44,30.66
Bosnia and Herzegovina,2013,18.9,29.8,51.3,27.49,18.18
Botswana,2013,20.3,17.9,61.8,18.2,14.27
Brazil,2013,10.0,23.7,66.3,7.07,2472.82
Brunei Darussalam,2013,1.4,17.4,81.2,6.66,18.09
Bulgaria,2013,6.7,30.2,63.2,12.94,55.82
Burkina Faso,2013,77.7,6.1,16.2,4.06,13.44
Burundi,2013,86.7,3.4,9.9,1.58,2.45
Cabo Verde,2013,17.4,19.8,62.7,11.39,2.03
Cambodia,2013,49.5,19.3,31.2,0.44,19.81
Cameroon,2013,49.5,13.6,36.9,3.68,33.73
Canada,2013,1.8,20.3,77.9,7.14,1846.6
Central African Republic,2013,73.7,6.2,20.1,5.24,1.69
Chad,2013,72.6,7.1,20.3,0.95,17.87
Chile,2013,9.4,24.2,66.4,6.07,277.4
China,2013,31.4,30.1,38.5,4.6,9743.12
Colombia,2013,17.0,19.4,63.6,9.25,382.09
Comoros,2013,39.8,18.5,41.6,4.12,1.12
"Congo, Dem. Rep.",2013,61.4,8.7,29.8,4.47,32.68
"Congo, Rep.",2013,33.4,25.1,41.5,19.83,17.96
Costa Rica,2013,13.9,16.3,69.7,8.22,50.95
Cote d'Ivoire,2013,45.2,11.8,43.0,4.26,42.76
Croatia,2013,10.8,27.6,61.6,17.25,59.85
Cuba,2013,18.6,17.2,64.2,3.29,77.15
Cyprus,2013,3.1,17.6,79.3,16.13,23.96
Czechia,2013,3.0,37.5,59.5,6.95,213.02
Denmark,2013,2.6,19.6,77.8,7.38,344.63
Djibouti,2013,1.6,5.1,93.3,26.16,2.04
Dominican Republic,2013,11.1,17.1,71.8,7.35,62.56
Ecuador,2013,26.6,19.1,54.3,3.08,96.57
"Egypt, Arab Rep.",2013,28.0,24.1,47.9,13.15,288.43
El Salvador,2013,19.6,20.4,60.1,3.69,21.99
Equatorial Guinea,2013,54.4,14.9,30.6,7.86,21.95
Estonia,2013,4.3,30.3,65.5,8.63,25.45
Eswatini,2013,14.0,25.0,61.0,24.45,4.46
Ethiopia,2013,71.0,8.4,20.6,2.25,47.65
Fiji,2013,30.7,15.1,54.3,4.36,4.19
Finland,2013,4.1,22.8,73.0,8.19,270.27
France,2013,3.1,21.3,75.6,9.91,2816.08
Gabon,2013,33.3,12.8,53.9,19.79,17.6
"Gambia, The",2013,53.0,6.4,40.7,9.45,1.38
Georgia,2013,47.3,10.8,41.9,19.42,17.52
Germany,2013,1.4,27.8,70.8,5.32,3808.09
Ghana,2013,45.4,14.1,40.5,2.17,62.85
Greece,2013,13.2,15.7,71.2,27.69,236.56
Guam,2013,0.3,14.6,85.1,11.5,5.4
Guatemala,2013,30.9,18.2,51.0,3.02,53.0
Guinea,2013,64.8,6.0,29.3,4.97,8.38
Guinea-Bissau,2013,56.1,10.0,33.9,3.16,1.11
Guyana,2013,18.6,23.3,58.2,12.3,4.17
Haiti,2013,48.5,12.1,39.4,13.64,14.9
Honduras,2013,34.5,19.0,46.4,5.65,18.5
"Hong Kong SAR, China",2013,0.2,13.9,85.8,3.4,275.7
Hungary,2013,4.8,29.9,65.3,10.18,135.65
Iceland,2013,4.4,18.6,76.9,5.38,16.13
India,2013,46.2,24.8,29.0,7.71,1856.72
Indonesia,2013,35.0,21.0,44.1,4.34,912.52
"Iran, Islamic Rep.",2013,17.1,34.7,48.2,10.6,500.4
Iraq,2013,10.0,27.5,62.5,9.2,234.64
Ireland,2013,5.8,17.2,77.0,13.74,243.3
Israel,2013,1.2,17.7,81.0,6.14,298.48
Italy,2013,3.6,27.0,69.4,12.15,2153.23
Jamaica,2013,18.2,15.2,66.5,9.7,14.26
Japan,2013,3.6,25.4,71.0,4.04,5212.33
Jordan,2013,3.4,22.2,74.4,12.6,34.45
Kazakhstan,2013,24.2,19.8,56.0,5.2,236.64
Kenya,2013,37.8,13.5,48.7,2.76,61.67
"Korea, Rep.",2013,5.9,24.6,69.5,2.75,1370.63
Kuwait,2013,2.3,24.8,72.9,2.47,174.17
Kyrgyz Republic,2013,32.0,22.3,45.7,3.15,7.34
Lao PDR,2013,67.2,9.0,23.7,1.76,11.98
Latvia,2013,8.1,23.9,68.0,11.87,29.15
Lebanon,2013,4.0,22.6,73.4,8.46,46.88
Lesotho,2013,31.2,33.3,35.5,15.97,2.37
Liberia,2013,43.4,9.8,46.8,2.08,3.18
Libya,2013,10.6,23.9,65.5,19.33,75.35
Lithuania,2013,8.4,25.5,66.1,11.77,46.3
Luxembourg,2013,1.6,12.0,86.4,6.04,65.2
"Macao SAR, China",2013,0.5,18.9,80.7,1.82,51.54
Madagascar,2013,71.2,8.2,20.6,1.0,12.42
Malawi,2013,66.1,7.4,26.5,4.98,8.03
Malaysia,2013,12.7,27.9,59.4,3.16,323.28
Maldives,2013,9.0,21.3,69.7,8.3,3.3
Mali,2013,73.5,6.3,20.2,1.52,15.77
Malta,2013,1.3,21.6,77.2,6.11,10.8
Mauritania,2013,35.4,17.2,47.4,9.93,7.22
Mauritius,2013,7.2,27.1,65.8,7.32,12.29
Mexico,2013,14.4,23.2,62.4,4.92,1327.44
Moldova,2013,56.3,10.9,32.8,1.87,9.5
Mongolia,2013,29.8,20.4,49.8,4.23,12.58
Montenegro,2013,4.5,17.8,77.7,19.58,4.47
Morocco,2013,38.0,21.9,40.0,9.23,115.74
Mozambique,2013,74.0,6.6,19.4,3.35,17.2
Myanmar,2013,52.5,16.5,31.0,0.78,60.27
Namibia,2013,31.4,14.4,54.2,19.03,12.04
Nepal,2013,66.0,15.3,18.7,10.69,22.16
Netherlands,2013,2.1,16.5,81.4,7.24,883.95
New Caledonia,2013,1.8,25.8,72.4,14.35,10.15
New Zealand,2013,6.4,20.3,73.3,5.84,191.01
Nicaragua,2013,31.5,17.0,51.5,5.28,10.98
Niger,2013,74.1,7.2,18.7,1.4,10.22
Nigeria,2013,38.4,11.7,49.9,3.71,520.12
North Macedonia,2013,18.3,30.6,51.2,29.02,10.82
Norway,2013,2.2,20.3,77.5,3.42,526.01
Oman,2013,5.3,37.5,57.2,3.55,89.94
Pakistan,2013,42.2,22.9,34.8,2.95,258.66
Panama,2013,16.4,20.1,63.5,3.67,46.95
Papua New Guinea,2013,23.1,8.7,68.2,2.69,21.26
Paraguay,2013,22.9,19.1,57.9,4.38,38.5
Peru,2013,26.0,17.8,56.2,3.58,201.18
Philippines,2013,31.0,15.6,53.4,3.5,283.9
Poland,2013,12.0,30.5,57.5,10.29,518.18
Portugal,2013,10.2,23.7,66.1,16.19,226.68
Qatar,2013,1.4,51.7,46.9,0.28,198.73
Romania,2013,29.3,28.3,42.5,7.1,189.8
Russian Federation,2013,7.0,27.7,65.3,5.51,2292.47
Rwanda,2013,72.9,7.3,19.8,11.78,7.82
Samoa,2013,27.8,14.9,57.3,8.77,0.8
Sao Tome and Principe,2013,20.8,18.8,60.4,12.48,0.27
Saudi Arabia,2013,6.1,23.7,70.2,5.6,769.76
Senegal,2013,34.8,18.6,46.6,4.99,18.92
Serbia,2013,21.3,25.9,52.9,22.15,50.46
Sierra Leone,2013,59.2,5.9,35.0,4.54,7.5
Singapore,2013,0.3,19.6,80.1,3.86,307.58
Slovak Republic,2013,3.3,35.8,60.9,14.23,99.13
Slovenia,2013,8.5,31.0,60.5,10.1,47.87
Solomon Islands,2013,41.6,9.3,49.0,0.69,1.29
Somalia,2013,33.3,15.9,50.8,19.01,5.06
South Africa,2013,15.4,20.9,63.7,24.56,400.89
South Sudan,2013,60.7,15.4,23.9,12.73,18.43
Spain,2013,4.3,19.8,76.0,26.09,1362.19
Sri Lanka,2013,29.6,25.8,44.5,4.19,77.0
St. Lucia,2013,11.6,17.7,70.7,22.21,1.66
St. Vincent and the Grenadines,2013,11.8,19.8,68.4,19.37,0.76
Sudan,2013,44.0,14.8,41.2,16.3,43.02
Suriname,2013,6.9,25.1,68.0,6.6,5.15
Sweden,2013,2.0,19.2,78.8,8.05,584.13
Switzerland,2013,3.5,21.7,74.8,4.75,706.24
Syrian Arab Republic,2013,15.6,25.0,59.3,14.5,21.36
Tajikistan,2013,50.0,17.0,33.0,11.42,8.45
Tanzania,2013,68.7,6.1,25.1,2.93,45.65
Thailand,2013,39.3,21.3,39.4,0.25,420.33
Timor-Leste,2013,57.3,8.6,34.0,3.56,1.4
Togo,2013,36.8,18.8,44.4,2.08,6.02
Tonga,2013,31.8,27.1,41.2,1.75,0.45
Trinidad and Tobago,2013,3.5,28.7,67.7,2.68,28.56
Tunisia,2013,15.4,33.4,51.3,15.93,48.69
Turkiye,2013,22.9,26.4,50.7,9.71,957.8
Turkmenistan,2013,28.0,30.9,41.1,3.98,39.2
Uganda,2013,71.9,7.0,21.1,1.91,28.92
Ukraine,2013,15.7,26.1,58.2,7.17,190.5
United Arab Emirates,2013,2.7,28.6,68.8,2.13,400.22
United Kingdom,2013,1.1,18.9,80.1,7.7,2784.85
United States,2013,1.6,19.7,78.7,7.38,16880.7
Uruguay,2013,9.3,21.6,69.1,6.44,61.34
Uzbekistan,2013,27.2,22.7,50.1,4.86,73.18
Vanuatu,2013,60.1,6.8,33.1,5.06,0.76
"Venezuela, RB",2013,7.4,21.3,71.2,7.54,371.0
Viet Nam,2013,46.8,21.2,32.0,1.32,213.71
Virgin Islands (U.S.),2013,1.7,16.3,82.1,12.55,3.74
West Bank and Gaza,2013,10.5,28.1,61.4,19.89,13.52
"Yemen, Rep.",2013,28.0,15.5,56.5,13.67,40.42
Zambia,2013,62.9,10.5,26.6,7.26,28.04
Zimbabwe,2013,66.7,7.9,25.4,4.94,19.09
Afghanistan,2014,44.8,22.0,33.2,7.92,20.5
Albania,2014,42.3,17.7,40.0,18.06,13.3
Algeria,2014,9.7,31.0,59.3,10.21,238.94
Angola,2014,57.6,8.1,34.3,16.41,135.97
Argentina,2014,8.1,22.3,69.6,7.27,526.32
Armenia,2014,52.3,15.5,32.2,17.5,11.61
Australia,2014,2.8,21.0,76.2,6.08,1468.27
Austria,2014,4.8,25.8,69.4,5.67,438.56
Azerbaijan,2014,36.8,14.3,48.9,4.91,75.24
"Bahamas, The",2014,3.5,12.1,84.4,13.8,11.14
Bahrain,2014,1.1,35.2,63.7,1.14,34.77
Bangladesh,2014,44.4,20.6,35.1,4.42,172.89
Barbados,2014,2.8,18.5,78.7,12.17,5.37
Belarus,2014,10.7,32.2,57.1,5.9,78.81
Belgium,2014,1.2,21.4,77.4,8.52,537.99
Belize,2014,17.7,16.9,65.4,8.24,2.14
Benin,2014,37.5,19.8,42.7,1.87,13.28
Bhutan,2014,56.7,10.8,32.5,2.63,2.09
Bolivia,2014,31.0,20.6,48.4,2.02,33.0
Bosnia and Herzegovina,2014,17.1,30.0,52.9,27.52,18.56
Botswana,2014,19.3,17.8,62.9,18.51,15.47
Brazil,2014,9.3,23.6,67.1,6.76,2456.04
Brunei Darussalam,2014,1.4,17.0,81.7,6.86,17.1
Bulgaria,2014,7.0,30.1,62.9,11.42,57.08
Burkina Faso,2014,77.3,6.2,16.5,4.25,13.94
Burundi,2014,86.2,3.5,10.3,1.57,2.71
Cabo Verde,2014,16.6,19.3,64.1,11.67,2.04
Cambodia,2014,46.0,23.8,30.2,0.69,22.04
Cameroon,2014,47.6,14.1,38.3,3.53,36.39
Canada,2014,1.7,20.2,78.1,7.02,1805.75
Central African Republic,2014,73.5,6.0,20.5,5.33,1.89
Chad,2014,71.8,7.5,20.7,0.93,18.14
Chile,2014,9.2,23.8,67.0,6.48,259.56
China,2014,29.5,29.9,40.6,4.63,10674.5
Colombia,2014,16.4,19.6,63.9,8.8,381.24
Comoros,2014,38.0,19.0,43.0,4.12,1.15
"Congo, Dem. Rep.",2014,60.3,9.0,30.7,4.44,35.91
"Congo, Rep.",2014,32.4,25.0,42.5,19.69,17.92
Costa Rica,2014,14.2,17.2,68.6,8.5,52.02
Cote d'Ivoire,2014,44.4,11.9,43.7,3.28,48.84
Croatia,2014,9.5,27.0,63.5,17.29,59.61
Cuba,2014,18.9,16.9,64.2,2.7,80.66
Cyprus,2014,4.4,16.5,79.1,16.28,23.23
Czechia,2014,2.7,38.0,59.2,6.11,210.91
Denmark,2014,2.5,19.4,78.1,6.92,352.83
Djibouti,2014,1.5,5.2,93.3,26.17,2.22
Dominican Republic,2014,11.3,17.8,71.0,6.72,67.01
Ecuador,2014,25.3,20.0,54.8,3.48,102.72
"Egypt, Arab Rep.",2014,27.5,24.4,48.0,13.1,305.6
El Salvador,2014,18.8,20.9,60.3,4.15,22.59
Equatorial Guinea,2014,54.5,14.7,30.7,7.84,21.77
Estonia,2014,3.9,30.1,66.0,7.35,27.06
Eswatini,2014,13.7,24.8,61.4,23.83,4.29
Ethiopia,2014,70.1,8.1,21.8,2.36,55.61
Fiji,2014,30.4,14.8,54.8,4.32,4.86
Finland,2014,4.3,21.9,73.8,8.66,273.48
France,2014,2.8,20.5,76.6,10.27,2861.24
Gabon,2014,32.6,13.2,54.1,19.92,18.2
"Gambia, The",2014,52.6,6.4,40.9,8.22,1.23
Georgia,2014,46.1,11.1,42.8,17.44,17.97
Germany,2014,1.4,28.1,70.5,4.98,3965.8
Ghana,2014,40.4,16.2,43.3,4.42,54.68
Greece,2014,13.1,15.1,71.8,26.71,233.91
Guam,2014,0.3,14.5,85.2,7.6,5.61
Guatemala,2014,31.5,19.5,49.0,2.72,57.85
Guinea,2014,64.3,6.0,29.7,5.09,8.78
Guinea-Bissau,2014,55.4,10.0,34.6,3.25,1.14
Guyana,2014,18.7,23.0,58.3,12.64,4.13
Haiti,2014,48.0,12.1,39.9,13.76,15.15
Honduras,2014,28.8,22.0,49.1,7.08,19.76
"Hong Kong SAR, China",2014,0.2,14.0,85.8,3.3,291.46
Hungary,2014,4.7,30.5,64.8,7.72,141.13
Iceland,2014,4.5,18.4,77.0,4.9,17.87
India,2014,45.2,24.9,29.9,7.67,2039.13
Indonesia,2014,34.3,21.4,44.3,4.05,890.82
"Iran, Islamic Rep.",2014,16.9,34.1,49.0,10.68,462.28
Iraq,2014,9.9,27.2,62.9,10.59,228.42
Ireland,2014,5.4,17.3,77.3,11.86,266.79
Israel,2014,1.1,17.7,81.2,5.79,315.02
Italy,2014,3.6,26.9,69.5,12.68,2173.26
Jamaica,2014,18.5,15.0,66.6,9.05,13.9
Japan,2014,3.5,25.3,71.2,3.59,4896.99
Jordan,2014,3.4,21.8,74.8,11.9,36.85
Kazakhstan,2014,21.9,20.0,58.0,5.06,221.42
Kenya,2014,37.1,13.7,49.2,2.77,68.29
"Korea, Rep.",2014,5.5,24.8,69.7,3.08,1484.49
Kuwait,2014,2.3,24.8,72.9,2.9,162.65
Kyrgyz Republic,2014,31.3,22.5,46.2,3.26,7.47
Lao PDR,2014,65.4,9.2,25.4,2.12,13.28
Latvia,2014,7.5,23.8,68.6,10.85,30.28
Lebanon,2014,4.0,22.5,73.5,8.83,48.1
Lesotho,2014,31.1,33.5,35.4,16.1,2.44
Liberia,2014,42.8,9.4,47.8,2.08,3.23
Libya,2014,10.5,22.7,66.9,19.31,57.37
Lithuania,2014,9.2,24.7,66.1,10.7,48.31
Luxembourg,2014,1.4,11.0,87.6,6.04,68.8
"Macao SAR, China",2014,0.5,19.3,80.3,1.67,54.9
Madagascar,2014,73.1,8.7,18.2,1.39,12.52
Malawi,2014,65.5,7.5,27.0,4.97,8.8
Malaysia,2014,12.6,27.7,59.7,2.88,338.07
Maldives,2014,8.0,22.7,69.3,7.48,3.7
Mali,2014,66.7,8.0,25.3,1.47,16.94
Malta,2014,1.3,20.7,78.0,5.72,11.89
Mauritania,2014,34.4,17.3,48.3,10.03,6.59
Mauritius,2014,7.3,26.4,66.3,7.47,13.07
Mexico,2014,14.5,23.6,61.9,4.82,1364.51
Moldova,2014,58.8,10.6,30.6,1.42,9.4
Mongolia,2014,28.0,20.7,51.3,4.8,12.23
Montenegro,2014,5.7,17.6,76.8,18.05,4.59
Morocco,2014,37.2,22.1,40.7,9.7,119.13
Mozambique,2014,73.1,7.1,19.8,3.38,17.98
Myanmar,2014,52.3,16.6,31.1,0.76,65.53
Namibia,2014,29.3,14.8,55.8,18.52,12.44
Nepal,2014,65.4,15.5,19.1,10.62,22.73
Netherlands,2014,2.3,16.2,81.5,7.42,901.56
New Caledonia,2014,1.7,25.5,72.8,14.59,10.64
New Zealand,2014,6.2,20.8,72.9,5.43,201.52
Nicaragua,2014,31.4,17.6,51.0,4.52,11.88
Niger,2014,73.5,7.1,19.4,0.52,10.86
Nigeria,2014,38.1,12.2,49.8,3.9,574.18
North Macedonia,2014,17.9,30.6,51.5,28.22,11.36
Norway,2014,2.2,20.4,77.3,3.49,501.74
Oman,2014,5.3,37.4,57.3,3.45,92.7
Pakistan,2014,42.2,22.9,34.9,1.83,271.39
Panama,2014,15.7,20.1,64.2,4.39,51.43
Papua New Guinea,2014,22.4,9.1,68.5,2.54,23.21
Paraguay,2014,22.1,19.4,58.5,5.03,40.38
Peru,2014,26.4,17.3,56.3,3.21,200.79
Philippines,2014,30.4,15.9,53.6,3.6,297.48
Poland,2014,11.5,30.5,58.0,8.97,542.13
Portugal,2014,8.6,23.9,67.5,13.9,230.08
Qatar,2014,1.3,52.8,45.9,0.2,206.22
Romania,2014,28.3,28.9,42.7,6.8,199.72
Russian Federation,2014,6.7,27.5,65.8,5.21,2059.24
Rwanda,2014,68.5,7.9,23.6,11.84,8.24
Samoa,2014,26.1,15.1,58.8,8.72,0.8
Sao Tome and Principe,2014,20.1,19.2,60.8,11.44,0.29
Saudi Arabia,2014,6.0,23.8,70.2,5.88,787.15
Senegal,2014,32.9,18.5,48.6,5.84,19.8
Serbia,2014,19.9,24.7,55.5,19.22,49.11
Sierra Leone,2014,57.6,6.1,36.3,4.68,7.69
Singapore,2014,0.3,17.5,82.2,3.74,314.86
Slovak Republic,2014,3.2,36.1,60.7,11.54,101.71
Slovenia,2014,9.6,30.9,59.4,9.67,49.51
Solomon Islands,2014,41.5,9.6,48.9,0.73,1.34
Somalia,2014,32.2,16.1,51.7,18.86,5.73
South Africa,2014,14.0,21.2,64.9,24.89,381.2
South Sudan,2014,60.2,15.4,24.4,12.6,13.96
Spain,2014,4.2,19.5,76.3,24.44,1380.24
Sri Lanka,2014,28.1,26.3,45.5,4.16,82.53
St. Lucia,2014,11.3,17.3,71.4,21.6,1.75
St. Vincent and the Grenadines,2014,11.5,19.7,68.9,19.25,0.77
Sudan,2014,43.3,14.9,41.8,15.41,49.52
Suriname,2014,6.9,26.2,66.9,6.94,5.24
Sweden,2014,2.0,18.6,79.4,7.95,577.73
Switzerland,2014,3.5,21.1,75.4,4.83,726.54
Syrian Arab Republic,2014,16.5,23.6,60.0,14.78,21.5
Tajikistan,2014,49.3,17.3,33.4,11.44,9.11
Tanzania,2014,68.1,6.3,25.7,2.12,49.99
Thailand,2014,33.5,23.6,43.0,0.58,407.34
Timor-Leste,2014,55.0,9.8,35.2,3.62,1.45
Togo,2014,36.8,19.0,44.2,2.14,6.39
Tonga,2014,31.4,26.7,41.9,1.92,0.44
Trinidad and Tobago,2014,3.6,28.1,68.3,2.48,29.47
Tunisia,2014,14.9,33.5,51.6,14.26,50.27
Turkiye,2014,21.1,27.9,51.1,9.9,938.94
Turkmenistan,2014,27.2,31.3,41.5,4.0,43.52
Uganda,2014,70.5,6.8,22.7,2.35,32.61
Ukraine,2014,14.8,26.1,59.1,9.27,133.5
United Arab Emirates,2014,2.4,29.8,67.9,2.0,414.1
United Kingdom,2014,1.3,19.0,79.8,6.36,3064.71
United States,2014,1.7,19.7,78.6,6.17,17608.1
Uruguay,2014,9.1,21.0,69.9,6.55,61.5
Uzbekistan,2014,27.5,22.8,49.7,5.09,80.85
Vanuatu,2014,58.6,6.9,34.6,5.15,0.77
"Venezuela, RB",2014,6.7,21.5,71.7,6.82,482.36
Viet Nam,2014,46.3,21.4,32.2,1.26,233.45
Virgin Islands (U.S.),2014,1.6,16.0,82.4,12.64,3.56
West Bank and Gaza,2014,10.4,28.0,61.6,20.53,13.99
"Yemen, Rep.",2014,29.2,14.5,56.3,13.47,43.23
Zambia,2014,61.8,11.0,27.3,6.57,27.14
Zimbabwe,2014,67.2,7.4,25.4,4.77,19.5
Afghanistan,2015,44.6,20.7,34.7,9.05,19.13
Albania,2015,41.3,18.7,40.0,17.19,11.47
Algeria,2015,8.8,31.2,59.9,11.21,187.49
Angola,2015,56.8,7.8,35.4,16.49,90.5
Argentina,2015,7.8,22.3,69.8,7.58,594.75
Armenia,2015,52.2,15.4,32.4,18.26,10.55
Australia,2015,2.6,20.1,77.3,6.06,1351.3
Austria,2015,4.5,25.8,69.7,5.8,379.55
Azerbaijan,2015,36.4,14.1,49.6,4.96,53.08
"Bahamas, The",2015,3.5,11.8,84.7,12.0,11.84
Bahrain,2015,1.1,35.2,63.8,1.16,32.52
Bangladesh,2015,43.5,20.5,36.0,4.4,195.15
Barbados,2015,2.9,19.4,77.7,9.8,5.29
Belarus,2015,10.2,31.6,58.1,5.88,56.45
Belgium,2015,1.2,21.4,77.4,8.48,461.04
Belize,2015,18.1,15.4,66.5,7.58,2.19
Benin,2015,36.0,20.1,43.9,1.82,11.39
Bhutan,2015,58.0,9.7,32.4,2.45,2.19
Bolivia,2015,29.7,20.9,49.4,3.11,33.0
Bosnia and Herzegovina,2015,17.9,29.5,52.6,27.7,16.4
Botswana,2015,18.6,17.3,64.1,18.93,13.53
Brazil,2015,9.3,22.8,67.8,8.54,1802.21
Brunei Darussalam,2015,1.4,16.7,82.0,7.73,12.93
Bulgaria,2015,6.9,29.9,63.2,9.14,50.77
Burkina Faso,2015,76.9,6.3,16.8,4.46,11.83
Burundi,2015,86.3,3.5,10.2,1.44,3.1
Cabo Verde,2015,15.8,18.8,65.4,11.91,1.75
Cambodia,2015,42.5,24.9,32.6,0.39,24.17
Cameroon,2015,46.5,14.3,39.1,3.52,32.21
Canada,2015,1.6,19.9,78.4,6.94,1556.51
Central African Republic,2015,72.9,6.1,21.0,5.48,1.7
Chad,2015,71.3,7.9,20.8,0.97,14.56
Chile,2015,9.2,23.7,67.1,6.31,242.45
China,2015,28.3,29.3,42.4,4.65,11280.8
Colombia,2015,16.3,19.5,64.2,8.57,293.49
Comoros,2015,37.9,18.2,43.9,4.12,0.97
"Congo, Dem. Rep.",2015,59.2,9.3,31.5,4.44,37.92
"Congo, Rep.",2015,32.1,24.4,43.5,19.98,12.43
Costa Rica,2015,14.4,18.4,67.2,8.41,56.44
Cote d'Ivoire,2015,43.5,12.1,44.5,2.58,45.82
Croatia,2015,9.2,26.7,64.1,16.18,51.01
Cuba,2015,18.7,16.8,64.5,2.4,87.13
Cyprus,2015,4.0,16.2,79.8,15.03,19.91
Czechia,2015,2.9,38.0,59.0,5.05,189.11
Denmark,2015,2.5,19.4,78.1,6.28,301.76
Djibouti,2015,1.4,5.4,93.2,26.07,2.42
Dominican Republic,2015,9.7,18.4,71.9,7.6,70.97
Ecuador,2015,26.2,19.7,54.1,3.62,97.21
"Egypt, Arab Rep.",2015,25.8,25.1,49.1,13.05,329.37
El Salvador,2015,18.1,22.2,59.7,4.0,23.44
Equatorial Guinea,2015,54.9,14.3,30.8,7.95,13.19
Estonia,2015,3.9,30.7,65.4,6.41,23.31
Eswatini,2015,13.4,24.7,61.8,23.28,3.91
Ethiopia,2015,69.0,7.8,23.1,2.44,64.59
Fiji,2015,30.4,14.5,55.1,4.29,4.68
Finland,2015,4.2,21.7,74.1,9.38,233.21
France,2015,2.7,20.4,76.9,10.35,2442.48
Gabon,2015,32.0,13.7,54.3,19.98,14.38
"Gambia, The",2015,51.8,6.6,41.6,7.26,1.38
Georgia,2015,44.0,11.0,44.9,16.51,15.22
Germany,2015,1.4,27.7,70.9,4.61,3423.57
Ghana,2015,35.2,18.7,46.1,6.81,49.44
Greece,2015,12.5,15.0,72.4,24.98,194.57
Guam,2015,0.3,14.4,85.4,6.9,5.8
Guatemala,2015,31.9,18.9,49.2,2.51,62.19
Guinea,2015,63.5,6.1,30.4,5.22,8.79
Guinea-Bissau,2015,55.2,10.1,34.7,3.16,1.15
Guyana,2015,18.8,22.7,58.5,13.0,4.28
Haiti,2015,47.5,12.1,40.4,13.72,14.85
Honduras,2015,28.7,21.8,49.5,6.15,20.98
"Hong Kong SAR, China",2015,0.2,13.7,86.1,3.31,309.39
Hungary,2015,4.9,30.3,64.8,6.81,125.24
Iceland,2015,4.2,17.8,77.9,3.98,17.52
India,2015,44.3,25.0,30.7,7.63,2103.59
Indonesia,2015,33.0,22.0,44.9,4.51,860.85
"Iran, Islamic Rep.",2015,17.1,32.8,50.0,11.17,409.19
Iraq,2015,9.5,26.9,63.5,10.84,166.77
Ireland,2015,5.3,18.1,76.6,9.91,302.39
Israel,2015,1.0,17.6,81.4,5.18,303.47
Italy,2015,3.8,26.6,69.6,11.9,1845.43
Jamaica,2015,17.7,14.9,67.3,8.82,14.19
Japan,2015,3.5,25.1,71.4,3.38,4444.93
Jordan,2015,3.4,21.1,75.4,13.08,38.59
Kazakhstan,2015,18.0,20.6,61.4,4.93,184.39
Kenya,2015,36.4,13.9,49.7,2.76,70.12
"Korea, Rep.",2015,5.2,25.4,69.4,3.55,1466.04
Kuwait,2015,2.2,24.9,72.9,2.2,114.59
Kyrgyz Republic,2015,30.4,22.4,47.3,3.34,6.68
Lao PDR,2015,63.9,9.4,26.7,2.49,14.43
Latvia,2015,7.9,23.6,68.4,9.87,26.34
Lebanon,2015,3.9,22.1,73.9,9.31,49.93
Lesotho,2015,30.8,33.8,35.4,16.25,2.36
Liberia,2015,42.1,8.9,49.0,2.56,3.23
Libya,2015,10.0,22.3,67.6,19.68,48.72
Lithuania,2015,9.1,25.1,65.9,9.12,41.54
Luxembourg,2015,1.0,12.5,86.4,6.8,60.07
"Macao SAR, China",2015,0.5,19.9,79.6,1.81,45.05
Madagascar,2015,74.6,9.2,16.1,1.78,11.32
Malawi,2015,65.0,7.5,27.5,4.95,9.22
Malaysia,2015,12.5,27.5,60.0,3.1,301.36
Maldives,2015,8.3,23.4,68.3,6.6,4.13
Mali,2015,62.3,8.3,29.5,1.4,15.58
Malta,2015,1.5,20.0,78.5,5.39,11.34
Mauritania,2015,33.4,17.5,49.2,10.11,6.17
Mauritius,2015,7.5,25.3,67.1,7.41,12.01
Mexico,2015,14.0,24.0,62.0,4.31,1213.29
Moldova,2015,59.6,10.5,29.9,1.74,7.8
Mongolia,2015,28.5,20.3,51.3,4.86,11.62
Montenegro,2015,7.7,17.5,74.8,17.56,4.05
Morocco,2015,36.2,22.4,41.4,9.46,110.41
Mozambique,2015,72.1,7.7,20.1,3.43,16.21
Myanmar,2015,51.7,16.8,31.5,0.77,59.61
Namibia,2015,24.5,17.0,58.5,20.81,11.34
Nepal,2015,64.9,15.6,19.5,10.64,24.36
Netherlands,2015,2.3,16.4,81.2,6.87,775.74
New Caledonia,2015,1.6,25.6,72.8,13.64,8.74
New Zealand,2015,6.1,22.0,71.9,5.42,178.22
Nicaragua,2015,30.9,17.8,51.3,4.7,12.76
Niger,2015,73.1,7.1,19.8,0.55,9.68
Nigeria,2015,38.0,12.5,49.6,4.14,493.03
North Macedonia,2015,17.7,30.6,51.7,26.4,10.06
Norway,2015,2.0,20.1,77.9,4.3,388.16
Oman,2015,5.3,37.3,57.4,3.4,78.71
Pakistan,2015,41.0,24.0,35.0,3.57,299.96
Panama,2015,14.7,18.7,66.6,4.34,55.77
Papua New Guinea,2015,21.7,9.4,68.9,2.5,21.72
Paraguay,2015,21.8,19.5,58.6,4.56,36.21
Peru,2015,27.0,17.4,55.6,3.27,189.8
Philippines,2015,29.2,16.2,54.6,3.07,306.45
Poland,2015,11.5,30.5,57.9,7.48,480.05
Portugal,2015,7.5,24.3,68.1,12.45,199.04
Qatar,2015,1.2,54.1,44.6,0.17,161.74
Romania,2015,25.6,28.5,46.0,6.81,177.88
Russian Federation,2015,6.7,27.2,66.1,5.62,1363.48
Rwanda,2015,63.6,9.5,26.9,11.84,8.54
Samoa,2015,24.9,15.3,59.9,8.9,0.82
Sao Tome and Principe,2015,19.5,19.3,61.1,10.59,0.26
Saudi Arabia,2015,5.9,23.8,70.3,5.6,693.41
Senegal,2015,31.3,18.4,50.3,6.76,17.77
Serbia,2015,19.4,24.5,56.1,17.66,41.3
Sierra Leone,2015,55.9,6.7,37.3,4.61,6.79
Singapore,2015,0.2,17.2,82.5,3.79,308.0
Slovak Republic,2015,3.2,36.1,60.7,11.49,89.18
Slovenia,2015,7.1,32.0,60.9,8.96,42.71
Solomon Islands,2015,40.4,9.7,49.9,0.74,1.31
Somalia,2015,30.3,16.4,53.3,18.6,6.15
South Africa,2015,15.4,21.4,63.2,25.15,346.71
South Sudan,2015,60.4,14.5,25.2,12.48,12.0
Spain,2015,4.1,19.9,76.0,22.06,1206.16
Sri Lanka,2015,28.7,25.8,45.6,4.52,85.09
St. Lucia,2015,11.0,16.9,72.1,20.86,1.81
St. Vincent and the Grenadines,2015,11.2,19.7,69.1,19.14,0.79
Sudan,2015,42.7,14.8,42.5,14.35,51.73
Suriname,2015,7.2,27.2,65.6,7.22,5.13
Sweden,2015,2.0,18.3,79.7,7.43,501.7
Switzerland,2015,3.4,20.7,75.9,4.8,694.12
Syrian Arab Republic,2015,16.6,23.3,60.1,14.24,16.47
Tajikistan,2015,48.4,17.8,33.8,11.48,8.27
Tanzania,2015,67.6,6.5,25.9,2.16,47.41
Thailand,2015,32.3,23.7,43.9,0.6,401.3
Timor-Leste,2015,52.9,11.5,35.5,3.68,1.59
Togo,2015,36.5,18.9,44.5,2.2,5.76
Tonga,2015,31.5,26.5,42.0,2.02,0.44
Trinidad and Tobago,2015,3.4,27.9,68.6,2.43,26.84
Tunisia,2015,14.8,33.1,52.1,15.16,45.78
Turkiye,2015,20.4,27.2,52.4,10.3,864.31
Turkmenistan,2015,26.4,31.7,42.0,4.02,35.8
Uganda,2015,70.8,7.0,22.2,2.68,32.39
Ukraine,2015,15.3,24.7,60.1,9.14,91.03
United Arab Emirates,2015,2.1,31.5,66.5,1.79,370.28
United Kingdom,2015,1.1,18.7,80.2,5.52,2927.91
United States,2015,1.8,19.6,78.7,5.28,18295.0
Uruguay,2015,8.8,20.5,70.7,7.49,57.68
Uzbekistan,2015,27.5,22.9,49.6,5.15,86.2
Vanuatu,2015,56.3,7.1,36.6,5.25,0.76
Viet Nam,2015,44.0,22.7,33.2,1.85,239.26
Virgin Islands (U.S.),2015,1.6,15.7,82.7,12.42,3.66
West Bank and Gaza,2015,8.7,28.7,62.6,23.0,13.97
"Yemen, Rep.",2015,30.2,12.8,57.1,17.9,42.44
Zambia,2015,60.7,11.4,27.9,5.94,21.25
Zimbabwe,2015,66.3,7.9,25.8,5.38,19.96
Afghanistan,2016,44.3,19.3,36.4,10.13,18.12
Albania,2016,40.0,19.4,40.6,15.42,11.99
Algeria,2016,8.5,31.4,60.1,10.2,180.76
Angola,2016,56.2,7.5,36.3,16.58,52.76
Argentina,2016,7.7,21.6,70.8,8.09,557.53
Armenia,2016,52.1,15.4,32.5,17.62,10.55
Australia,2016,2.6,19.7,77.7,5.71,1206.84
Austria,2016,4.3,25.6,70.1,6.06,393.69
Azerbaijan,2016,36.3,14.3,49.3,5.0,37.87
"Bahamas, The",2016,3.4,11.8,84.8,12.7,11.88
Bahrain,2016,1.0,35.2,63.7,1.19,33.88
Bangladesh,2016,42.7,20.5,36.9,4.35,265.23
Barbados,2016,2.9,19.3,77.9,8.25,5.33
Belarus,2016,9.7,31.5,58.7,5.84,47.72
Belgium,2016,1.3,21.3,77.5,7.83,474.27
Belize,2016,18.6,15.7,65.7,7.0,2.24
Benin,2016,34.4,20.5,45.1,1.78,11.82
Bhutan,2016,56.8,10.6,32.6,2.7,2.36
Bolivia,2016,29.7,20.9,49.4,3.5,33.94
Bosnia and Herzegovina,2016,18.0,31.3,50.8,25.41,17.12
Botswana,2016,17.7,17.1,65.2,19.33,15.08
Brazil,2016,9.8,21.4,68.8,11.58,1795.69
Brunei Darussalam,2016,1.4,16.3,82.3,8.57,11.4
Bulgaria,2016,6.8,29.8,63.5,7.58,53.93
Burkina Faso,2016,76.4,6.4,17.2,4.59,12.83
Burundi,2016,86.3,3.5,10.2,1.35,2.64
Cabo Verde,2016,14.7,20.1,65.2,12.08,1.85
Cambodia,2016,37.5,25.8,36.7,0.72,26.56
Cameroon,2016,45.5,14.5,39.9,3.53,33.81
Canada,2016,1.9,19.5,78.6,7.04,1527.99
Central African Republic,2016,72.4,6.1,21.5,5.49,1.83
Chad,2016,71.4,8.1,20.5,1.05,13.03
Chile,2016,9.3,23.2,67.4,6.67,249.34
China,2016,27.4,29.7,42.9,4.56,11456.0
Colombia,2016,16.3,19.1,64.6,8.92,282.72
Comoros,2016,37.5,17.6,44.9,4.1,1.01
"Congo, Dem. Rep.",2016,58.7,9.4,31.9,4.52,37.13
"Congo, Rep.",2016,32.1,23.5,44.4,20.22,10.93
Costa Rica,2016,14.9,17.9,67.1,8.09,58.85
Cote d'Ivoire,2016,42.7,12.3,45.0,1.9,48.41
Croatia,2016,7.6,27.0,65.4,13.1,52.65
Cuba,2016,18.4,16.9,64.7,2.0,91.37
Cyprus,2016,3.6,17.1,79.3,13.01,21.05
Czechia,2016,2.9,38.1,59.0,3.95,198.16
Denmark,2016,2.3,19.0,78.6,5.99,312.18
Djibouti,2016,1.4,5.5,93.1,25.99,2.6
Dominican Republic,2016,8.9,19.0,72.1,7.28,75.55
Ecuador,2016,26.9,18.6,54.4,4.6,97.67
"Egypt, Arab Rep.",2016,25.6,25.5,48.9,12.45,332.44
El Salvador,2016,18.7,21.1,60.2,4.42,24.19
Equatorial Guinea,2016,55.3,13.9,30.8,7.96,11.24
Estonia,2016,3.9,29.7,66.4,6.88,24.56
Eswatini,2016,13.2,24.5,62.3,22.72,3.72
Ethiopia,2016,68.2,7.6,24.2,2.55,74.3
Fiji,2016,30.6,14.2,55.2,4.32,4.93
Finland,2016,3.9,22.2,74.0,8.82,238.78
France,2016,2.9,20.3,76.8,10.06,2470.41
Gabon,2016,31.4,14.1,54.4,20.13,14.02
"Gambia, The",2016,51.3,6.7,42.0,6.28,1.48
Georgia,2016,43.8,11.9,44.3,16.6,15.44
Germany,2016,1.3,27.4,71.3,4.1,3537.78
Ghana,2016,38.7,18.0,43.3,5.23,56.14
Greece,2016,11.9,15.4,72.7,23.51,193.1
Guam,2016,0.3,14.2,85.6,5.4,5.9
Guatemala,2016,29.4,21.0,49.6,2.58,66.05
Guinea,2016,62.7,6.3,30.9,5.01,8.6
Guinea-Bissau,2016,54.4,10.2,35.4,3.12,1.25
Guyana,2016,18.6,22.7,58.8,13.26,4.48
Haiti,2016,47.1,12.1,40.8,13.85,14.07
Honduras,2016,27.4,21.6,51.1,6.73,21.72
"Hong Kong SAR, China",2016,0.2,14.1,85.7,3.39,320.86
Hungary,2016,5.0,30.4,64.5,5.12,128.98
Iceland,2016,3.9,17.5,78.6,2.98,20.79
India,2016,43.2,25.2,31.6,7.6,2294.8
Indonesia,2016,31.8,21.7,46.5,4.3,931.88
"Iran, Islamic Rep.",2016,16.7,32.3,51.0,12.62,459.04
Iraq,2016,9.0,27.6,63.4,10.82,166.74
Ireland,2016,5.3,18.5,76.2,8.37,305.73
Israel,2016,1.0,17.5,81.5,4.72,321.94
Italy,2016,3.9,26.1,70.0,11.69,1887.11
Jamaica,2016,16.7,15.7,67.6,8.63,14.08
Japan,2016,3.4,24.8,71.8,3.13,5003.68
Jordan,2016,3.4,20.5,76.0,15.28,39.89
Kazakhstan,2016,16.3,20.7,63.0,4.96,137.28
Kenya,2016,35.7,14.2,50.2,2.76,74.82
"Korea, Rep.",2016,4.9,25.2,69.9,3.65,1499.68
Kuwait,2016,2.1,25.1,72.8,2.16,109.41
Kyrgyz Republic,2016,29.4,22.7,47.9,3.47,6.81
Lao PDR,2016,62.6,9.5,27.8,2.88,15.91
Latvia,2016,7.7,24.1,68.2,9.64,27.12
Lebanon,2016,3.8,22.0,74.2,9.79,51.15
Lesotho,2016,30.2,34.2,35.6,16.17,2.11
Liberia,2016,41.6,8.5,49.9,3.08,3.4
Libya,2016,10.0,22.0,68.0,19.52,49.91
Lithuania,2016,8.0,25.1,66.9,7.86,42.97
Luxembourg,2016,1.0,12.0,86.9,6.67,62.22
"Macao SAR, China",2016,0.5,17.3,82.2,1.94,45.07
Madagascar,2016,74.0,9.2,16.8,1.95,11.85
Malawi,2016,64.5,7.5,28.0,5.01,7.91
Malaysia,2016,11.4,27.5,61.1,3.44,301.26
Maldives,2016,8.5,23.9,67.6,5.77,4.41
Mali,2016,64.9,6.7,28.4,1.37,16.74
Malta,2016,1.2,19.9,79.0,4.69,12.03
Mauritania,2016,32.9,17.5,49.5,10.28,6.4
Mauritius,2016,7.2,26.2,66.6,6.81,12.59
Mexico,2016,13.6,24.4,61.9,3.85,1112.23
Moldova,2016,60.4,10.2,29.4,1.56,7.98
Mongolia,2016,30.4,19.0,50.6,7.24,11.18
Montenegro,2016,7.7,17.5,74.8,17.73,4.38
Morocco,2016,35.3,22.5,42.2,9.3,111.57
Mozambique,2016,71.7,8.1,20.3,3.46,12.07
Myanmar,2016,51.5,16.3,32.3,1.06,63.3
Namibia,2016,20.1,19.3,60.6,23.35,10.72
Nepal,2016,64.5,15.8,19.8,10.74,24.52
Netherlands,2016,2.3,16.5,81.3,6.01,797.16
New Caledonia,2016,1.4,24.9,73.7,12.71,8.72
New Zealand,2016,6.6,20.3,73.1,5.15,189.1
Nicaragua,2016,30.3,17.9,51.8,3.9,13.29
Niger,2016,72.8,7.1,20.1,0.55,10.4
Nigeria,2016,38.2,12.7,49.1,4.5,404.65
North Macedonia,2016,16.4,30.4,53.2,24.31,10.67
Norway,2016,2.1,19.5,78.4,4.68,370.96
Oman,2016,4.9,41.1,54.0,3.27,75.13
Pakistan,2016,42.3,23.6,34.1,2.28,313.63
Panama,2016,15.4,18.4,66.2,4.72,59.76
Papua New Guinea,2016,21.0,9.7,69.3,2.47,20.76
Paraguay,2016,21.0,19.8,59.2,5.26,36.09
Peru,2016,27.0,17.0,56.0,3.74,191.9
Philippines,2016,27.0,17.5,55.6,2.7,318.63
Poland,2016,10.6,31.4,58.0,6.14,473.26
Portugal,2016,6.9,24.5,68.6,11.07,206.3
Qatar,2016,1.2,54.6,44.2,0.15,151.73
Romania,2016,23.1,29.9,47.0,5.9,185.29
Russian Federation,2016,6.7,26.9,66.3,5.59,1276.79
Rwanda,2016,58.6,11.3,30.1,11.8,8.7
Samoa,2016,23.4,15.3,61.2,9.06,0.84
Sao Tome and Principe,2016,19.4,19.4,61.1,9.69,0.29
Saudi Arabia,2016,4.6,25.7,69.8,5.6,689.28
Senegal,2016,34.3,17.6,48.1,4.46,19.04
Serbia,2016,18.6,24.4,57.0,15.26,42.23
Sierra Leone,2016,52.5,7.9,39.6,4.29,6.08
Singapore,2016,0.2,16.1,83.7,4.08,319.65
Slovak Republic,2016,2.9,36.5,60.6,9.68,90.35
Slovenia,2016,5.0,33.2,61.8,8.0,44.29
Solomon Islands,2016,40.0,10.1,49.9,0.73,1.38
Somalia,2016,29.1,16.6,54.3,18.58,6.61
South Africa,2016,16.0,20.8,63.2,26.54,323.59
Spain,2016,4.2,19.6,76.2,19.64,1243.02
Sri Lanka,2016,27.1,26.4,46.5,4.24,88.0
St. Lucia,2016,10.7,16.6,72.7,19.93,1.87
St. Vincent and the Grenadines,2016,10.9,19.7,69.4,19.03,0.81
Sudan,2016,41.9,14.9,43.2,13.61,42.63
Suriname,2016,7.7,25.6,66.8,7.92,3.32
Sweden,2016,1.9,18.2,79.9,6.99,514.22
Switzerland,2016,3.3,20.6,76.2,4.92,687.9
Syrian Arab Republic,2016,16.9,22.5,60.6,13.8,12.6
Tajikistan,2016,47.5,18.3,34.2,11.5,6.99
Tanzania,2016,67.1,6.7,26.1,2.23,49.77
Thailand,2016,31.2,23.7,45.0,0.69,413.37
Timor-Leste,2016,50.7,13.5,35.8,4.66,1.64
Togo,2016,35.2,19.0,45.7,2.97,6.07
Tonga,2016,31.2,26.4,42.4,2.05,0.42
Trinidad and Tobago,2016,3.2,27.4,69.4,3.21,23.62
Tunisia,2016,14.8,33.4,51.9,15.56,44.36
Turkiye,2016,19.5,26.8,53.7,10.9,869.68
Turkmenistan,2016,25.7,32.1,42.3,4.03,36.17
Uganda,2016,70.9,7.0,22.1,3.01,29.2
Ukraine,2016,15.6,24.2,60.2,9.35,93.36
United Arab Emirates,2016,1.8,32.6,65.6,1.64,369.26
United Kingdom,2016,1.1,18.5,80.4,4.87,2689.11
United States,2016,1.8,19.5,78.7,4.87,18804.9
Uruguay,2016,8.2,20.1,71.7,7.84,57.48
Uzbekistan,2016,27.4,23.0,49.6,5.16,86.14
Vanuatu,2016,54.3,7.2,38.5,5.26,0.8
Viet Nam,2016,41.9,24.8,33.4,1.85,257.1
Virgin Islands (U.S.),2016,1.5,15.6,82.8,12.52,3.8
West Bank and Gaza,2016,7.4,30.2,62.4,23.94,15.41
"Yemen, Rep.",2016,30.7,11.9,57.4,18.42,31.32
Zambia,2016,59.8,11.8,28.4,5.24,20.96
Zimbabwe,2016,65.4,8.5,26.1,5.89,20.55
Afghanistan,2017,44.0,18.0,38.0,11.18,18.75
Albania,2017,38.1,19.4,42.5,13.62,13.26
Algeria,2017,10.2,31.0,58.9,12.0,189.88
Angola,2017,55.3,7.2,37.4,16.61,73.69
Argentina,2017,7.5,20.8,71.7,8.35,643.63
Armenia,2017,51.8,15.5,32.7,17.7,11.53
Australia,2017,2.6,19.4,78.0,5.59,1325.58
Austria,2017,3.9,24.9,71.1,5.56,414.93
Azerbaijan,2017,36.3,14.3,49.4,5.0,40.87
"Bahamas, The",2017,3.3,11.9,84.8,9.8,12.45
Bahrain,2017,1.0,35.3,63.7,1.19,37.2
Bangladesh,2017,40.6,20.4,39.0,4.37,293.73
Barbados,2017,3.1,19.3,77.6,8.62,5.52
Belarus,2017,10.7,30.8,58.5,5.65,54.73
Belgium,2017,1.2,20.8,78.1,7.09,500.91
Belize,2017,17.4,15.7,66.9,6.6,2.27
Benin,2017,32.5,21.0,46.6,1.66,12.7
Bhutan,2017,55.5,11.7,32.8,3.02,2.59
Bolivia,2017,30.5,20.1,49.4,3.66,37.51
Bosnia and Herzegovina,2017,18.9,29.5,51.6,20.53,18.33
Botswana,2017,16.7,16.9,66.4,19.66,16.11
Brazil,2017,9.2,20.9,69.9,12.79,2063.51
Brunei Darussalam,2017,1.4,16.1,82.5,9.32,12.13
Bulgaria,2017,7.0,29.9,63.1,6.16,59.17
Burkina Faso,2017,75.8,6.5,17.7,4.66,14.11
Burundi,2017,86.3,3.5,10.2,1.25,2.72
Cabo Verde,2017,13.6,21.9,64.5,12.24,2.0
Cambodia,2017,38.2,25.5,36.3,0.14,29.36
Cameroon,2017,44.7,14.7,40.6,3.57,36.1
Canada,2017,1.5,19.5,78.9,6.43,1649.27
Central African Republic,2017,72.0,6.0,22.0,5.53,2.07
Chad,2017,71.1,8.4,20.4,1.12,13.35
Chile,2017,9.3,22.7,67.9,7.26,276.15
China,2017,26.7,30.1,43.2,4.47,12537.6
Colombia,2017,16.9,19.2,63.8,9.09,311.87
Comoros,2017,37.0,16.9,46.1,4.03,1.08
"Congo, Dem. Rep.",2017,58.3,9.5,32.2,4.6,38.02
"Congo, Rep.",2017,32.5,23.0,44.5,20.61,11.83
Costa Rica,2017,15.4,17.9,66.8,7.73,60.52
Cote d'Ivoire,2017,41.9,12.5,45.6,3.27,52.51
Croatia,2017,7.0,26.4,66.6,11.21,56.19
Cuba,2017,18.1,16.8,65.0,1.7,96.85
Cyprus,2017,2.5,17.0,80.4,11.16,22.95
Czechia,2017,2.8,38.1,59.1,2.89,221.56
Denmark,2017,2.1,18.9,79.0,5.83,331.61
Djibouti,2017,1.3,5.6,93.0,26.06,2.76
Dominican Republic,2017,9.6,19.4,71.0,5.83,79.07
Ecuador,2017,27.7,18.6,53.8,3.84,104.47
"Egypt, Arab Rep.",2017,25.1,26.6,48.4,11.77,248.36
El Salvador,2017,18.6,21.9,59.5,4.38,24.98
Equatorial Guinea,2017,55.7,13.7,30.6,8.0,12.2
Estonia,2017,3.5,30.0,66.5,5.81,27.47
Eswatini,2017,13.2,24.2,62.5,24.52,4.46
Ethiopia,2017,67.1,7.3,25.6,2.66,81.77
Fiji,2017,30.0,14.2,55.8,4.32,5.35
Finland,2017,3.8,22.2,74.1,8.64,253.85
France,2017,2.6,20.4,77.0,9.41,2588.87
Gabon,2017,31.0,14.6,54.4,20.3,14.93
"Gambia, The",2017,50.4,6.8,42.8,5.16,1.5
Georgia,2017,43.1,13.2,43.7,13.94,16.47
Germany,2017,1.3,27.4,71.3,3.78,3763.09
Ghana,2017,42.0,17.5,40.5,3.37,60.39
Greece,2017,11.7,15.5,72.8,21.41,200.38
Guam,2017,0.3,14.0,85.7,5.42,6.01
Guatemala,2017,31.8,19.0,49.2,2.46,71.65
Guinea,2017,62.1,6.5,31.3,4.83,10.32
Guinea-Bissau,2017,53.9,10.3,35.8,3.07,1.47
Guyana,2017,18.3,22.5,59.1,13.46,4.75
Haiti,2017,46.7,12.0,41.2,13.88,15.09
Honduras,2017,32.0,20.7,47.3,5.53,23.14
"Hong Kong SAR, China",2017,0.2,14.0,85.7,3.12,341.27
Hungary,2017,5.0,31.5,63.4,4.16,143.34
Iceland,2017,3.8,17.5,78.8,2.74,24.73
India,2017,42.3,25.3,32.5,7.62,2651.47
Indonesia,2017,30.8,22.0,47.2,3.78,1015.62
"Iran, Islamic Rep.",2017,16.6,32.4,51.1,12.23,489.17
Iraq,2017,9.0,27.4,63.6,13.02,187.22
Ireland,2017,5.0,18.8,76.1,6.71,348.53
Israel,2017,1.0,17.4,81.6,4.14,358.45
Italy,2017,3.8,26.0,70.2,11.21,1970.72
Jamaica,2017,16.8,15.7,67.5,7.4,14.81
Japan,2017,3.3,24.8,71.9,2.82,4930.84
Jordan,2017,3.4,20.1,76.5,18.12,41.61
Kazakhstan,2017,15.4,20.8,63.8,4.9,166.81
Kenya,2017,35.1,14.4,50.5,3.54,82.04
"Korea, Rep.",2017,4.9,25.3,69.8,3.65,1623.07
Kuwait,2017,2.1,25.2,72.7,2.23,120.69
Kyrgyz Republic,2017,27.9,22.3,49.9,3.57,7.7
Lao PDR,2017,61.0,9.7,29.2,3.27,17.07
Latvia,2017,6.9,23.3,69.8,8.72,29.39
Lebanon,2017,3.7,21.7,74.6,10.25,53.03
Lesotho,2017,30.3,34.0,35.7,16.4,2.31
Liberia,2017,40.6,8.2,51.2,3.07,3.39
Libya,2017,9.6,23.1,67.3,19.02,67.16
Lithuania,2017,7.8,25.1,67.1,7.07,47.76
Luxembourg,2017,1.4,10.8,87.8,5.52,65.71
"Macao SAR, China",2017,0.5,13.7,85.8,1.99,50.38
Madagascar,2017,73.3,9.2,17.4,2.12,13.18
Malawi,2017,64.0,7.6,28.5,5.04,8.94
Malaysia,2017,11.3,27.5,61.2,3.41,319.11
Maldives,2017,8.3,24.1,67.7,5.4,4.82
Mali,2017,63.1,8.2,28.6,1.49,18.31
Malta,2017,1.0,19.8,79.2,4.0,14.16
Mauritania,2017,32.0,17.8,50.2,10.34,6.8
Mauritius,2017,7.0,24.7,68.4,6.75,13.71
Mexico,2017,13.6,24.8,61.6,3.42,1190.72
Moldova,2017,59.4,9.9,30.8,1.59,9.51
Mongolia,2017,28.8,19.2,52.0,6.36,11.48
Montenegro,2017,7.9,17.1,75.0,16.08,4.86
Morocco,2017,34.3,22.9,42.9,9.22,118.54
Mozambique,2017,71.5,8.3,20.1,3.54,13.26
Myanmar,2017,51.3,15.7,33.0,1.36,66.05
Namibia,2017,21.4,17.6,61.0,21.73,12.9
Nepal,2017,63.7,16.1,20.2,10.66,28.97
Netherlands,2017,2.3,16.5,81.2,4.84,848.23
New Caledonia,2017,1.3,25.1,73.6,11.68,9.17
New Zealand,2017,6.3,20.6,73.0,4.74,206.75
Nicaragua,2017,29.6,18.0,52.3,3.3,13.79
Niger,2017,72.4,7.1,20.5,0.55,11.19
Nigeria,2017,38.5,13.0,48.5,4.83,375.75
North Macedonia,2017,15.8,30.7,53.5,22.86,11.31
Norway,2017,2.1,19.4,78.5,4.16,401.74
Oman,2017,4.6,43.4,52.0,2.52,80.86
Pakistan,2017,39.9,24.3,35.9,3.22,339.21
Panama,2017,14.5,18.5,67.0,5.34,64.33
Papua New Guinea,2017,20.6,10.0,69.4,2.57,22.74
Paraguay,2017,20.2,20.1,59.7,6.14,39.0
Peru,2017,26.2,16.4,57.4,3.69,211.01
Philippines,2017,25.4,18.3,56.3,2.55,328.48
Poland,2017,10.2,31.7,58.1,4.87,528.36
Portugal,2017,6.4,24.7,68.9,8.87,220.86
Qatar,2017,1.2,54.5,44.3,0.14,161.1
Romania,2017,22.8,30.1,47.1,4.93,210.15
Russian Federation,2017,5.9,27.0,67.1,5.24,1574.2
Rwanda,2017,53.1,13.3,33.6,11.88,9.25
Samoa,2017,22.2,15.4,62.4,9.4,0.88
Sao Tome and Principe,2017,18.7,19.6,61.7,8.81,0.32
Saudi Arabia,2017,3.9,26.3,69.7,5.89,741.27
Senegal,2017,28.1,18.7,53.2,4.08,21.0
Serbia,2017,17.2,25.3,57.5,13.48,45.97
Sierra Leone,2017,49.2,9.2,41.6,3.83,5.75
Singapore,2017,0.2,15.8,84.0,4.2,343.67
Slovak Republic,2017,2.7,37.2,60.1,8.14,95.98
Slovenia,2017,5.6,33.3,61.2,6.56,48.15
Solomon Islands,2017,39.0,10.5,50.6,0.72,1.47
Somalia,2017,28.8,16.7,54.5,18.52,7.62
South Africa,2017,16.8,20.5,62.7,27.04,381.45
Spain,2017,4.4,20.1,75.6,17.22,1321.75
Sri Lanka,2017,26.1,28.4,45.5,4.05,94.37
St. Lucia,2017,10.4,16.2,73.4,19.14,2.0
St. Vincent and the Grenadines,2017,10.6,19.7,69.7,19.01,0.84
Sudan,2017,41.3,14.7,43.9,12.95,41.28
Suriname,2017,7.7,25.7,66.6,7.89,3.59
Sweden,2017,1.8,18.2,80.0,6.72,536.08
Switzerland,2017,3.1,20.5,76.4,4.8,695.2
Syrian Arab Republic,2017,16.7,22.3,60.9,13.6,16.37
Tajikistan,2017,46.6,18.8,34.6,11.49,7.54
Tanzania,2017,66.7,7.0,26.3,2.3,53.27
Thailand,2017,31.5,22.9,45.6,0.83,456.36
Timor-Leste,2017,48.2,12.6,39.3,4.25,1.58
Togo,2017,33.8,19.3,46.9,3.74,6.39
Tonga,2017,31.2,26.4,42.4,2.13,0.46
Trinidad and Tobago,2017,3.2,26.8,70.0,3.39,23.85
Tunisia,2017,14.8,33.3,51.9,15.33,42.16
Turkiye,2017,19.4,26.5,54.1,10.92,858.99
Turkmenistan,2017,24.9,32.4,42.6,4.04,37.93
Uganda,2017,70.7,7.0,22.3,3.43,30.74
Ukraine,2017,15.4,24.3,60.3,9.5,112.09
United Arab Emirates,2017,1.6,33.5,64.9,2.46,390.52
United Kingdom,2017,1.2,18.3,80.6,4.45,2680.15
United States,2017,1.8,19.4,78.8,4.36,19612.1
Uruguay,2017,8.7,19.7,71.5,7.89,65.01
Uzbekistan,2017,27.1,23.2,49.7,5.83,69.7
Vanuatu,2017,52.9,7.6,39.6,5.29,0.88
Viet Nam,2017,40.2,25.8,34.1,1.87,281.35
Virgin Islands (U.S.),2017,1.5,15.4,83.1,12.22,3.79
West Bank and Gaza,2017,6.7,30.9,62.4,25.68,16.13
"Yemen, Rep.",2017,30.9,11.4,57.8,18.6,26.84
Zambia,2017,59.0,12.2,28.8,4.53,25.87
Zimbabwe,2017,64.6,9.4,26.1,6.34,51.07
Afghanistan,2018,44.5,18.1,37.4,11.2,18.05
Albania,2018,37.3,19.7,43.0,12.3,15.38
Algeria,2018,10.1,30.8,59.1,12.14,194.55
Angola,2018,54.4,7.1,38.5,16.59,79.45
Argentina,2018,7.4,20.3,72.3,9.22,524.82
Armenia,2018,51.5,15.6,32.9,18.97,12.46
Australia,2018,2.6,19.9,77.5,5.3,1427.81
Austria,2018,3.7,25.4,70.9,4.93,452.58
Azerbaijan,2018,36.2,14.3,49.4,4.9,47.11
"Bahamas, The",2018,3.2,11.7,85.0,10.0,12.82
Bahrain,2018,1.0,35.1,63.9,1.2,39.57
Bangladesh,2018,39.4,20.8,39.8,4.41,321.36
Barbados,2018,3.1,18.2,78.7,8.32,5.63
Belarus,2018,11.3,30.6,58.1,4.76,60.03
Belgium,2018,1.0,21.1,77.9,5.94,542.64
Belize,2018,17.4,17.5,65.1,7.9,2.29
Benin,2018,30.6,21.4,48.0,1.41,14.26
Bhutan,2018,54.0,13.1,32.9,3.35,2.58
Bolivia,2018,31.1,19.6,49.3,3.52,40.29
Bosnia and Herzegovina,2018,15.7,32.1,52.1,18.4,20.48
Botswana,2018,15.8,16.7,67.5,19.68,17.03
Brazil,2018,9.1,20.5,70.4,12.33,1916.93
Brunei Darussalam,2018,1.1,19.4,79.5,8.7,13.57
Bulgaria,2018,6.6,30.1,63.3,5.21,66.25
Burkina Faso,2018,75.3,6.6,18.1,4.7,15.89
Burundi,2018,86.0,3.3,10.7,1.15,2.67
Cabo Verde,2018,11.8,21.9,66.3,12.17,2.21
Cambodia,2018,39.0,24.9,36.0,0.13,33.15
Cameroon,2018,43.9,14.8,41.3,3.6,39.96
Canada,2018,1.5,19.6,78.9,5.84,1725.33
Central African Republic,2018,71.6,6.0,22.4,5.52,2.22
Chad,2018,70.4,8.9,20.7,1.14,15.33
Chile,2018,9.3,22.3,68.4,7.62,295.86
China,2018,25.8,30.6,43.7,4.31,14147.8
Colombia,2018,17.0,19.7,63.3,9.36,334.2
Comoros,2018,36.5,16.2,47.3,3.94,1.19
"Congo, Dem. Rep.",2018,57.7,9.6,32.7,4.62,47.57
"Congo, Rep.",2018,33.0,22.5,44.5,20.7,14.77
Costa Rica,2018,15.8,18.9,65.3,9.01,62.42
Cote d'Ivoire,2018,44.0,11.4,44.6,2.85,58.52
Croatia,2018,6.2,27.4,66.3,8.43,61.67
Cuba,2018,17.9,16.8,65.3,1.7,100.05
Cyprus,2018,2.2,16.7,81.2,8.5,25.75
Czechia,2018,2.8,37.5,59.7,2.25,251.99
Denmark,2018,2.2,18.9,78.9,5.13,355.29
Djibouti,2018,1.3,5.7,93.0,26.18,2.91
Dominican Republic,2018,9.3,19.6,71.1,5.86,84.99
Ecuador,2018,28.8,18.5,52.6,3.53,107.48
"Egypt, Arab Rep.",2018,21.7,26.9,51.5,9.86,262.59
El Salvador,2018,16.7,22.2,61.1,4.01,26.02
Equatorial Guinea,2018,55.4,13.5,31.1,7.97,13.1
Estonia,2018,3.3,29.6,67.1,5.41,31.22
Eswatini,2018,13.3,24.1,62.7,26.37,4.64
Ethiopia,2018,66.3,7.0,26.7,2.8,84.27
Fiji,2018,29.5,14.3,56.2,4.34,5.58
Finland,2018,3.7,22.3,74.0,7.36,273.87
France,2018,2.5,20.2,77.3,9.02,2781.58
Gabon,2018,30.6,15.0,54.3,20.44,16.87
"Gambia, The",2018,49.6,6.9,43.5,4.13,1.67
Georgia,2018,38.9,14.4,46.7,12.67,17.9
Germany,2018,1.2,27.3,71.4,3.38,4052.01
Ghana,2018,41.1,18.0,40.9,3.25,67.26
Greece,2018,11.9,15.4,72.7,19.18,213.3
Guam,2018,0.2,13.8,86.0,5.45,6.05
Guatemala,2018,32.9,19.1,48.0,2.28,73.33
Guinea,2018,61.4,6.7,31.9,4.79,11.86
Guinea-Bissau,2018,51.9,10.0,38.1,3.13,1.55
Guyana,2018,15.9,24.9,59.1,13.63,4.79
Haiti,2018,46.4,12.0,41.6,13.88,16.4
Honduras,2018,31.0,20.1,48.9,5.65,24.07
"Hong Kong SAR, China",2018,0.2,13.9,85.8,2.8,361.73
Hungary,2018,4.8,32.4,62.7,3.71,161.18
Iceland,2018,4.0,16.8,79.2,2.7,26.26
India,2018,41.3,25.4,33.3,7.65,2702.93
Indonesia,2018,29.7,22.3,48.0,4.39,1042.27
"Iran, Islamic Rep.",2018,16.7,32.4,50.9,12.2,398.88
Iraq,2018,8.9,27.2,63.9,13.49,227.37
Ireland,2018,4.8,18.8,76.4,5.74,395.46
Israel,2018,0.9,17.1,82.0,3.92,376.3
Italy,2018,3.8,26.1,70.1,10.61,2099.44
Jamaica,2018,16.3,16.1,67.6,5.47,15.73
Japan,2018,3.4,24.4,72.2,2.47,5040.88
Jordan,2018,3.7,19.7,76.6,18.26,43.37
Kazakhstan,2018,14.2,21.0,64.8,4.85,179.34
Kenya,2018,34.3,14.7,51.0,4.28,92.2
"Korea, Rep.",2018,5.0,25.2,69.8,3.82,1725.37
Kuwait,2018,2.1,25.1,72.8,2.2,138.65
Kyrgyz Republic,2018,27.7,22.4,49.9,3.67,8.27
Lao PDR,2018,62.8,9.1,28.1,2.9,18.14
Latvia,2018,7.0,23.7,69.4,7.41,33.25
Lebanon,2018,3.6,21.3,75.2,10.74,54.9
Lesotho,2018,30.3,34.0,35.7,16.62,2.56
Liberia,2018,40.1,8.1,51.8,3.06,3.42
Libya,2018,9.5,23.4,67.1,18.84,76.69
Lithuania,2018,7.2,25.8,67.1,6.15,54.26
Luxembourg,2018,1.1,11.8,87.2,5.59,71.09
"Macao SAR, China",2018,0.5,12.9,86.5,1.83,55.19
Madagascar,2018,72.8,9.3,18.0,2.3,13.76
Malawi,2018,63.3,7.6,29.0,5.01,9.88
Malaysia,2018,10.6,27.6,61.7,3.3,358.79
Maldives,2018,8.0,24.6,67.5,4.95,5.4
Mali,2018,63.0,7.7,29.3,1.62,20.37
Malta,2018,1.0,18.6,80.4,3.66,16.15
Mauritania,2018,33.1,15.7,51.2,10.41,7.47
Mauritius,2018,6.2,24.1,69.7,6.43,14.74
Mexico,2018,13.4,24.9,61.7,3.28,1256.3
Moldova,2018,59.2,10.5,30.4,1.2,11.25
Mongolia,2018,26.7,20.6,52.7,5.38,13.18
Montenegro,2018,8.0,18.9,73.1,15.19,5.51
Morocco,2018,33.3,23.1,43.6,9.27,127.34
Mozambique,2018,71.2,8.5,20.3,3.6,15.02
Myanmar,2018,48.9,17.0,34.0,0.77,67.86
Namibia,2018,22.6,16.2,61.2,19.88,13.68
Nepal,2018,63.0,16.4,20.6,10.56,33.11
Netherlands,2018,2.1,16.2,81.7,3.83,929.73
New Caledonia,2018,1.1,22.1,76.8,11.7,9.9
New Zealand,2018,5.9,20.0,74.1,4.34,211.99
Nicaragua,2018,29.0,17.9,53.0,5.2,13.03
Niger,2018,71.9,7.1,21.0,0.54,12.84
Nigeria,2018,38.6,13.4,48.0,5.07,421.74
North Macedonia,2018,14.6,31.8,53.6,21.21,12.68
Norway,2018,2.1,19.5,78.4,3.8,439.79
Oman,2018,4.4,46.2,49.4,1.8,91.51
Pakistan,2018,37.4,25.0,37.6,4.08,356.13
Panama,2018,14.2,18.8,67.0,5.16,67.32
Papua New Guinea,2018,20.1,10.4,69.5,2.64,24.11
Paraguay,2018,20.1,18.6,61.3,6.22,40.23
Peru,2018,26.1,16.3,57.6,3.49,222.6
Philippines,2018,24.3,19.1,56.6,2.34,346.84
Poland,2018,9.6,31.8,58.6,3.84,594.62
Portugal,2018,6.0,24.8,69.1,6.99,242.09
Qatar,2018,1.4,50.7,47.9,0.11,183.34
Romania,2018,22.3,30.0,47.7,4.19,243.47
Russian Federation,2018,5.9,26.8,67.3,4.87,1657.33
Rwanda,2018,50.1,15.5,34.4,10.76,9.64
Samoa,2018,21.4,15.5,63.1,8.64,0.88
Sao Tome and Principe,2018,18.1,19.7,62.2,8.71,0.38
Saudi Arabia,2018,3.1,25.7,71.3,6.03,886.56
Senegal,2018,22.2,19.8,57.9,3.46,23.12
Serbia,2018,15.9,26.9,57.2,12.73,52.79
Sierra Leone,2018,46.2,10.6,43.2,3.19,6.39
Singapore,2018,0.2,16.0,83.9,3.61,377.12
Slovak Republic,2018,2.3,36.5,61.2,6.54,106.61
Slovenia,2018,5.5,33.3,61.2,5.11,53.69
Solomon Islands,2018,38.8,10.8,50.4,0.72,1.62
Somalia,2018,27.8,16.9,55.3,18.74,7.87
South Africa,2018,15.7,20.6,63.7,26.91,405.26
Spain,2018,4.2,20.3,75.5,15.26,1431.64
Sri Lanka,2018,25.5,27.9,46.6,4.32,94.45
St. Lucia,2018,11.3,14.9,73.8,19.33,2.06
St. Vincent and the Grenadines,2018,10.4,19.7,69.9,18.98,0.88
Sudan,2018,41.1,14.5,44.4,12.3,32.33
Suriname,2018,7.6,26.0,66.5,7.69,4.0
Sweden,2018,1.7,18.2,80.1,6.36,551.31
Switzerland,2018,3.0,20.4,76.6,4.71,725.57
Syrian Arab Republic,2018,16.4,22.3,61.3,13.5,21.5
Tajikistan,2018,45.8,19.2,35.0,11.44,7.76
Tanzania,2018,66.3,7.3,26.5,2.39,57.0
Thailand,2018,32.2,22.8,45.0,0.76,506.75
Timor-Leste,2018,46.0,12.0,42.0,3.78,1.56
Togo,2018,32.8,19.6,47.6,2.9,7.03
Tonga,2018,31.1,26.1,42.8,2.25,0.49
Trinidad and Tobago,2018,3.2,26.4,70.4,3.5,23.89
Tunisia,2018,14.5,33.4,52.1,15.46,42.69
Turkiye,2018,18.4,26.7,54.9,10.96,778.97
Turkmenistan,2018,24.2,32.9,42.9,4.04,40.77
Uganda,2018,69.7,7.0,23.3,3.25,32.93
Ukraine,2018,15.3,24.0,60.7,8.8,130.89
United Arab Emirates,2018,1.5,34.6,63.9,2.24,427.05
United Kingdom,2018,1.1,18.1,80.8,4.12,2871.34
United States,2018,1.7,19.6,78.7,3.9,20656.5
Uruguay,2018,8.4,19.2,72.4,8.34,65.34
Uzbekistan,2018,26.6,23.4,50.0,5.39,58.7
Vanuatu,2018,51.1,7.7,41.2,5.33,0.91
Viet Nam,2018,37.7,26.7,35.6,1.16,310.11
Virgin Islands (U.S.),2018,1.4,15.2,83.4,12.41,3.92
West Bank and Gaza,2018,6.3,31.3,62.4,26.26,16.28
"Yemen, Rep.",2018,30.5,11.2,58.3,17.58,21.61
Zambia,2018,59.8,9.9,30.3,5.03,26.31
Zimbabwe,2018,63.4,10.2,26.4,6.79,34.16
Afghanistan,2019,45.0,18.2,36.8,11.18,18.8
Albania,2019,36.4,20.2,43.4,11.47,15.59
Algeria,2019,9.8,30.8,59.4,12.26,193.46
Angola,2019,53.4,6.9,39.7,16.5,70.9
Argentina,2019,7.3,20.2,72.4,9.84,447.76
Armenia,2019,49.6,15.1,35.2,18.3,13.62
Australia,2019,2.6,19.1,78.4,5.16,1392.72
Austria,2019,3.7,25.4,71.0,4.56,442.98
Azerbaijan,2019,36.0,14.3,49.7,5.0,48.17
"Bahamas, The",2019,3.2,11.7,85.1,9.34,13.28
Bahrain,2019,1.0,35.0,64.0,1.22,40.45
Bangladesh,2019,38.2,21.3,40.5,4.44,351.23
Barbados,2019,2.8,16.9,80.3,8.41,5.79
Belarus,2019,11.1,30.4,58.6,4.16,64.41
Belgium,2019,0.9,20.8,78.2,5.36,536.73
Belize,2019,16.9,15.7,67.4,9.05,2.39
Benin,2019,29.6,21.7,48.8,1.21,14.39
Bhutan,2019,51.1,15.4,33.4,2.72,2.74
Bolivia,2019,27.4,20.7,51.9,3.68,40.9
Bosnia and Herzegovina,2019,18.0,31.7,50.3,15.69,20.48
Botswana,2019,14.9,16.5,68.6,20.09,16.73
Brazil,2019,8.9,20.4,70.7,11.94,1873.29
Brunei Darussalam,2019,2.0,20.8,77.3,6.6,13.47
Bulgaria,2019,6.6,30.0,63.4,4.23,68.63
Burkina Faso,2019,74.7,6.7,18.6,4.71,16.03
Burundi,2019,85.6,3.1,11.3,1.04,2.58
Cabo Verde,2019,10.6,21.8,67.6,12.13,2.25
Cambodia,2019,39.9,24.5,35.7,0.12,36.69
Cameroon,2019,43.1,14.9,42.0,3.62,39.67
Canada,2019,1.5,19.3,79.2,5.69,1743.73
Central African Republic,2019,71.3,6.0,22.7,5.61,2.22
Chad,2019,69.8,9.0,21.1,1.08,14.91
Chile,2019,9.1,22.2,68.7,7.49,278.29
China,2019,24.7,31.0,44.3,4.56,14560.2
Colombia,2019,16.1,20.0,63.9,10.28,323.03
Comoros,2019,36.1,15.6,48.4,3.93,1.2
"Congo, Dem. Rep.",2019,56.9,9.7,33.4,4.59,51.78
"Congo, Rep.",2019,32.7,22.0,45.3,20.39,13.98
Costa Rica,2019,15.3,18.1,66.6,10.81,64.42
Cote d'Ivoire,2019,45.9,10.4,43.6,2.4,60.38
Croatia,2019,6.2,27.7,66.1,6.62,61.47
Cuba,2019,17.5,16.7,65.8,1.7,103.43
Cyprus,2019,2.4,18.4,79.2,7.16,26.2
Czechia,2019,2.7,37.2,60.1,2.02,256.79
Denmark,2019,2.2,18.5,79.2,5.02,345.4
Djibouti,2019,1.2,5.8,93.0,26.26,3.09
Dominican Republic,2019,8.8,18.8,72.4,6.36,89.15
Ecuador,2019,29.7,17.2,53.0,3.81,107.6
"Egypt, Arab Rep.",2019,21.2,28.6,50.2,7.85,318.68
El Salvador,2019,16.3,22.5,61.2,4.17,26.88
Equatorial Guinea,2019,55.6,13.3,31.2,8.06,11.36
Estonia,2019,3.2,28.7,68.1,4.51,31.87
Eswatini,2019,13.3,23.9,62.7,28.14,4.62
Ethiopia,2019,65.3,6.7,28.0,2.92,95.91
Fiji,2019,29.3,14.1,56.6,4.37,5.44
Finland,2019,3.8,21.6,74.6,6.7,267.02
France,2019,2.5,20.4,77.1,8.41,2722.79
Gabon,2019,30.0,15.6,54.4,20.36,16.87
"Gambia, The",2019,48.6,7.0,44.3,4.54,1.81
Georgia,2019,38.1,14.3,47.6,11.56,17.64
Germany,2019,1.2,27.2,71.6,3.16,3957.21
Ghana,2019,40.2,18.4,41.5,3.16,68.35
Greece,2019,11.2,15.3,73.5,17.05,207.31
Guam,2019,0.2,13.7,86.0,5.4,6.36
Guatemala,2019,31.1,19.1,49.9,2.19,77.17
Guinea,2019,61.0,6.8,32.2,5.02,13.44
Guinea-Bissau,2019,51.1,10.1,38.8,2.41,1.59
Guyana,2019,15.3,24.4,60.3,13.17,5.17
Haiti,2019,46.1,11.9,42.0,14.06,15.02
Honduras,2019,31.1,20.9,48.0,5.7,24.88
"Hong Kong SAR, China",2019,0.2,13.7,86.1,2.92,363.08
Hungary,2019,4.7,32.1,63.2,3.42,164.94
Iceland,2019,4.0,17.5,78.5,3.51,24.68
India,2019,40.7,25.3,34.1,6.51,2835.61
Indonesia,2019,28.7,22.3,49.0,3.59,1119.1
"Iran, Islamic Rep.",2019,17.0,32.3,50.8,10.74,333.52
Iraq,2019,8.5,27.7,63.8,14.11,233.64
Ireland,2019,4.4,18.8,76.8,4.95,407.12
Israel,2019,0.9,16.4,82.7,3.73,400.64
Italy,2019,3.9,25.9,70.2,9.95,2019.61
Jamaica,2019,15.2,16.2,68.6,4.99,15.83
Japan,2019,3.3,24.2,72.5,2.35,5117.99
Jordan,2019,3.4,18.4,78.2,16.8,44.5
Kazakhstan,2019,13.7,21.0,65.3,4.8,181.67
Kenya,2019,33.6,15.0,51.4,5.01,100.38
"Korea, Rep.",2019,5.1,24.6,70.3,3.75,1651.42
Kuwait,2019,2.0,24.9,73.1,2.25,140.86
Kyrgyz Republic,2019,24.2,24.7,51.1,4.3,9.37
Lao PDR,2019,64.4,8.5,27.1,2.54,18.74
Latvia,2019,7.3,23.7,69.0,6.31,33.1
Lebanon,2019,3.6,20.5,75.9,11.3,51.61
Lesotho,2019,29.8,34.4,35.8,16.88,2.39
Liberia,2019,40.1,7.9,51.9,3.07,3.32
Libya,2019,9.5,22.7,67.8,19.05,69.25
Lithuania,2019,6.4,25.7,67.9,6.26,55.12
Luxembourg,2019,0.7,10.8,88.5,5.59,69.87
"Macao SAR, China",2019,0.5,12.3,87.2,1.75,55.08
Madagascar,2019,71.9,9.4,18.7,2.47,14.1
Malawi,2019,62.8,7.7,29.5,4.97,11.05
Malaysia,2019,10.2,27.7,62.0,3.26,365.18
Maldives,2019,7.9,24.8,67.3,4.56,5.73
Mali,2019,65.6,8.3,26.1,3.29,20.48
Malta,2019,1.0,19.0,80.0,3.62,16.34
Mauritania,2019,34.0,14.2,51.8,10.42,7.89
Mauritius,2019,5.6,23.9,70.5,6.33,14.44
Mexico,2019,13.0,24.5,62.4,3.48,1304.11
Moldova,2019,58.2,11.0,30.8,1.47,11.74
Mongolia,2019,27.8,20.9,51.3,9.27,14.21
Montenegro,2019,7.1,19.4,73.4,15.13,5.54
Morocco,2019,32.4,23.4,44.2,9.19,128.92
Mozambique,2019,70.7,8.6,20.6,3.65,15.51
Myanmar,2019,49.8,16.6,33.6,0.41,75.07
Namibia,2019,22.1,16.2,61.7,19.92,12.54
Nepal,2019,62.3,16.7,21.0,10.39,34.19
Netherlands,2019,2.1,16.1,81.8,3.38,928.9
New Caledonia,2019,1.9,22.2,75.9,10.88,9.48
New Zealand,2019,5.8,19.5,74.7,4.11,213.01
Nicaragua,2019,28.4,17.8,53.8,5.47,12.7
Niger,2019,71.4,7.1,21.5,0.53,12.89
Nigeria,2019,38.6,13.8,47.6,5.21,474.52
North Macedonia,2019,13.5,31.3,55.2,17.41,12.61
Norway,2019,2.0,19.4,78.5,3.68,408.74
Oman,2019,4.7,46.5,48.8,2.04,88.06
Pakistan,2019,38.3,24.3,37.4,4.83,320.91
Panama,2019,14.4,17.7,67.9,6.26,69.78
Papua New Guinea,2019,19.5,10.8,69.8,2.63,24.75
Paraguay,2019,18.7,18.1,63.1,6.6,37.93
Peru,2019,25.6,16.3,58.1,3.38,228.35
Philippines,2019,22.9,19.1,58.0,2.24,376.82
Poland,2019,9.2,32.1,58.7,3.27,602.68
Portugal,2019,5.5,24.7,69.8,6.46,240.12
Qatar,2019,1.6,47.1,51.4,0.1,176.37
Romania,2019,21.2,30.1,48.7,3.91,251.68
Russian Federation,2019,5.8,26.8,67.4,4.51,1693.12
Rwanda,2019,47.3,15.7,37.0,11.24,10.35
Samoa,2019,20.9,15.9,63.1,7.84,0.91
Sao Tome and Principe,2019,17.8,19.7,62.6,8.83,0.41
Saudi Arabia,2019,3.5,24.3,72.3,5.64,888.89
Senegal,2019,23.0,21.1,55.9,2.86,23.4
Serbia,2019,15.6,27.4,57.0,10.4,53.86
Sierra Leone,2019,44.8,11.0,44.2,3.2,6.53
Singapore,2019,0.1,14.9,85.0,3.1,376.16
Slovak Republic,2019,2.8,36.1,61.1,5.76,105.84
Slovenia,2019,4.3,34.1,61.6,4.45,53.91
Solomon Islands,2019,38.0,11.1,50.9,0.74,1.62
Somalia,2019,26.9,17.1,56.0,18.83,8.66
South Africa,2019,16.4,19.7,64.0,28.47,389.33
Spain,2019,4.0,20.4,75.5,14.1,1403.5
Sri Lanka,2019,25.3,27.6,47.1,4.67,89.0
St. Lucia,2019,10.1,14.6,75.3,15.61,2.1
St. Vincent and the Grenadines,2019,10.1,19.6,70.3,19.24,0.91
Sudan,2019,40.9,14.2,44.9,11.66,32.34
Suriname,2019,7.7,26.1,66.2,7.56,4.02
Sweden,2019,1.7,18.4,79.9,6.83,532.17
Switzerland,2019,2.5,20.4,77.0,4.39,721.37
Syrian Arab Republic,2019,16.0,22.1,61.9,13.36,22.58
Tajikistan,2019,45.0,19.7,35.3,11.42,8.3
Tanzania,2019,65.8,7.5,26.7,2.5,61.03
Thailand,2019,31.5,22.9,45.6,0.72,543.98
Timor-Leste,2019,44.1,12.5,43.4,3.1,2.03
Togo,2019,31.8,19.6,48.5,2.04,6.99
Tonga,2019,30.0,26.6,43.4,2.16,0.49
Trinidad and Tobago,2019,3.1,26.1,70.8,3.52,23.59
Tunisia,2019,14.3,33.3,52.4,17.15,41.91
Turkiye,2019,18.1,25.3,56.6,13.73,761.01
Turkmenistan,2019,23.4,33.3,43.2,4.04,45.23
Uganda,2019,68.5,7.0,24.4,3.06,35.35
Ukraine,2019,15.2,23.7,61.1,8.19,153.88
United Arab Emirates,2019,2.2,28.8,68.9,2.33,417.99
United Kingdom,2019,1.0,18.1,80.8,3.61,2851.41
United States,2019,1.7,19.6,78.7,3.67,21540.0
Uruguay,2019,8.3,18.9,72.8,8.84,62.22
Uzbekistan,2019,26.2,23.6,50.2,4.93,67.29
Vanuatu,2019,49.2,7.9,42.8,5.44,0.94
Viet Nam,2019,34.7,28.9,36.4,1.68,334.36
Virgin Islands (U.S.),2019,1.4,15.1,83.5,12.55,4.12
West Bank and Gaza,2019,6.0,30.4,63.6,25.34,17.13
Zambia,2019,57.4,9.1,33.5,5.54,23.31
Zimbabwe,2019,62.4,11.2,26.4,7.37,25.72
Afghanistan,2020,46.0,18.5,35.5,11.71,19.96
Albania,2020,36.2,20.6,43.2,11.69,15.24
Algeria,2020,10.0,30.8,59.1,14.06,164.87
Angola,2020,55.2,6.3,38.6,16.69,48.5
Argentina,2020,7.3,20.5,72.2,11.46,385.74
Armenia,2020,52.4,13.0,34.6,18.18,12.64
Australia,2020,2.8,19.2,78.0,6.46,1328.41
Austria,2020,3.9,24.9,71.3,5.2,434.4
Azerbaijan,2020,36.3,14.4,49.3,7.24,42.69
"Bahamas, The",2020,3.1,11.6,85.2,12.03,10.36
Bahrain,2020,0.9,34.9,64.2,1.78,35.84
Bangladesh,2020,38.1,21.4,40.5,5.44,373.98
Barbados,2020,2.8,16.6,80.7,9.78,5.17
Belarus,2020,10.9,30.6,58.5,4.05,61.37
Belgium,2020,0.9,20.4,78.7,5.54,529.69
Belize,2020,17.3,19.2,63.5,10.78,2.04
Benin,2020,29.4,22.1,48.5,1.5,15.69
Bhutan,2020,49.9,14.9,35.2,5.03,2.46
Bolivia,2020,30.0,18.1,51.9,7.9,36.63
Bosnia and Herzegovina,2020,12.2,34.4,53.3,15.87,20.23
Botswana,2020,19.4,15.0,65.5,21.02,14.96
Brazil,2020,9.3,20.3,70.4,13.7,1476.11
Brunei Darussalam,2020,1.3,23.7,74.9,7.41,12.01
Bulgaria,2020,6.6,30.3,63.1,5.12,70.55
Burkina Faso,2020,74.8,6.8,18.4,5.04,17.73
Burundi,2020,85.3,3.1,11.6,1.03,2.65
Cabo Verde,2020,10.7,21.7,67.5,14.69,1.82
Cambodia,2020,36.9,25.1,38.0,0.17,34.82
Cameroon,2020,43.1,15.1,41.7,3.87,40.77
Canada,2020,1.6,19.3,79.2,9.66,1655.68
Central African Republic,2020,71.3,6.2,22.5,6.2,2.33
Chad,2020,69.8,9.4,20.9,1.71,14.93
Chile,2020,7.2,21.9,70.9,10.93,254.04
China,2020,23.6,31.6,44.8,5.0,14996.4
Colombia,2020,16.7,19.9,63.4,15.98,270.35
Comoros,2020,35.8,15.2,49.0,4.47,1.23
"Congo, Dem. Rep.",2020,56.9,10.0,33.1,5.34,48.72
"Congo, Rep.",2020,33.0,22.0,45.0,22.2,11.47
Costa Rica,2020,16.5,18.1,65.4,16.43,62.4
Cote d'Ivoire,2020,46.2,10.5,43.3,2.58,63.03
Croatia,2020,6.5,28.2,65.3,7.51,57.96
Cuba,2020,17.8,16.5,65.8,2.24,107.35
Cyprus,2020,2.7,19.5,77.8,7.76,25.56
Czechia,2020,2.6,37.2,60.1,2.55,251.11
Denmark,2020,2.1,18.9,79.0,5.64,355.63
Djibouti,2020,1.2,5.8,93.0,27.71,3.14
Dominican Republic,2020,9.0,19.5,71.6,6.13,78.55
Ecuador,2020,31.8,15.9,52.3,6.13,95.87
"Egypt, Arab Rep.",2020,20.4,28.5,51.1,7.97,383.82
El Salvador,2020,15.8,23.4,60.9,5.01,24.92
Equatorial Guinea,2020,56.1,13.0,30.9,8.78,9.89
Estonia,2020,3.0,29.1,67.9,6.96,31.82
Eswatini,2020,13.6,23.9,62.5,32.94,4.12
Ethiopia,2020,64.6,6.5,28.9,3.99,107.66
Fiji,2020,29.7,14.0,56.3,4.65,4.43
Finland,2020,3.7,21.9,74.4,7.76,270.0
France,2020,2.4,20.0,77.7,8.01,2647.93
Gabon,2020,30.2,15.8,54.0,21.27,15.34
"Gambia, The",2020,48.5,7.2,44.3,5.89,1.81
Georgia,2020,41.1,13.4,45.5,11.73,16.01
Germany,2020,1.2,27.4,71.4,3.88,3940.14
Ghana,2020,40.5,18.6,40.9,3.31,70.01
Greece,2020,10.3,15.0,74.7,15.9,191.36
Guam,2020,0.2,13.7,86.0,6.25,5.92
Guatemala,2020,30.5,20.3,49.2,2.96,77.72
Guinea,2020,61.2,7.0,31.8,6.02,14.09
Guinea-Bissau,2020,51.2,10.4,38.4,2.89,1.68
Guyana,2020,12.1,23.6,64.4,15.33,5.47
Haiti,2020,46.3,12.1,41.6,15.55,14.51
Honduras,2020,25.2,23.1,51.7,10.98,23.35
"Hong Kong SAR, China",2020,0.2,13.5,86.3,5.81,344.94
Hungary,2020,4.8,31.9,63.3,4.25,158.47
Iceland,2020,4.0,17.9,78.0,5.48,21.63
India,2020,44.7,23.7,31.6,7.86,2674.85
Indonesia,2020,29.6,21.5,48.9,4.26,1059.05
"Iran, Islamic Rep.",2020,16.7,33.6,49.7,9.69,262.19
Iraq,2020,8.7,27.4,63.8,15.78,180.9
Ireland,2020,4.5,18.8,76.7,5.62,436.56
Israel,2020,0.9,15.8,83.3,4.17,410.77
Italy,2020,4.0,26.4,69.6,9.16,1907.48
Jamaica,2020,15.9,15.8,68.3,6.5,13.81
Japan,2020,3.1,24.0,72.8,2.81,5054.07
Jordan,2020,3.3,17.6,79.1,19.21,43.7
Kazakhstan,2020,13.5,21.2,65.4,4.89,171.08
Kenya,2020,33.6,15.3,51.1,5.62,100.66
"Korea, Rep.",2020,5.4,24.6,70.0,3.93,1644.31
Kuwait,2020,2.0,24.9,73.1,3.56,111.04
Kyrgyz Republic,2020,25.1,23.7,51.2,4.63,8.27
Lao PDR,2020,66.4,8.1,25.6,2.36,18.98
Latvia,2020,7.2,23.6,69.1,8.1,33.38
Lebanon,2020,3.7,20.5,75.8,13.28,31.71
Lesotho,2020,30.2,34.4,35.4,18.4,2.05
Liberia,2020,40.2,8.2,51.6,4.11,3.18
Libya,2020,9.6,22.5,67.9,19.61,46.85
Lithuania,2020,5.7,25.4,68.9,8.49,57.41
Luxembourg,2020,0.8,10.4,88.9,6.77,73.67
"Macao SAR, China",2020,0.5,14.2,85.3,2.57,25.34
Madagascar,2020,71.7,9.5,18.8,3.28,13.05
Malawi,2020,62.9,7.9,29.2,5.73,11.77
Malaysia,2020,10.5,27.8,61.7,4.54,337.46
Maldives,2020,8.0,24.9,67.0,5.43,3.71
Mali,2020,68.1,9.3,22.6,3.53,20.7
Malta,2020,1.1,18.3,80.6,4.35,16.41
Mauritania,2020,34.0,14.4,51.6,11.05,8.26
Mauritius,2020,5.3,23.4,71.3,8.63,11.41
Mexico,2020,13.2,24.1,62.7,4.44,1121.06
Moldova,2020,57.8,11.4,30.8,1.19,11.53
Mongolia,2020,25.1,20.4,54.5,6.59,13.31
Montenegro,2020,7.5,18.4,74.1,17.88,4.77
Morocco,2020,32.1,23.5,44.4,11.22,121.35
Mozambique,2020,70.8,8.8,20.4,3.92,14.24
Myanmar,2020,46.5,18.6,35.0,1.48,79.01
Namibia,2020,22.1,16.3,61.6,21.0,10.58
Nepal,2020,62.2,17.1,20.7,12.98,33.43
Netherlands,2020,2.1,16.0,82.0,3.82,932.56
New Caledonia,2020,1.9,22.0,76.1,13.56,9.45
New Zealand,2020,6.0,20.4,73.6,4.6,213.03
Nicaragua,2020,28.5,18.0,53.4,6.2,12.73
Niger,2020,71.4,7.3,21.3,0.59,13.74
Nigeria,2020,38.8,14.2,47.0,5.74,432.2
North Macedonia,2020,11.6,31.0,57.4,16.58,12.36
Norway,2020,2.1,19.5,78.4,4.42,367.63
Oman,2020,5.2,46.8,48.0,2.94,75.91
Pakistan,2020,38.0,24.8,37.2,6.13,300.43
Panama,2020,14.1,18.5,67.5,14.66,57.06
Papua New Guinea,2020,19.3,11.0,69.7,2.88,23.85
Paraguay,2020,21.3,19.1,59.6,7.55,35.43
Peru,2020,33.7,15.9,50.5,7.18,201.41
Philippines,2020,24.8,18.3,56.9,2.52,361.75
Poland,2020,9.6,31.7,58.7,3.16,605.91
Portugal,2020,5.4,24.8,69.9,6.8,229.62
Qatar,2020,1.4,44.3,54.3,0.14,144.41
Romania,2020,20.5,29.7,49.8,5.04,252.03
Russian Federation,2020,6.0,26.5,67.5,5.62,1493.08
Rwanda,2020,50.1,17.2,32.6,11.83,10.17
Samoa,2020,20.9,16.0,63.1,7.44,0.87
Sao Tome and Principe,2020,17.8,19.8,62.5,9.69,0.47
Saudi Arabia,2020,3.2,22.9,73.9,7.66,767.95
Senegal,2020,23.0,21.6,55.4,3.44,24.53
Serbia,2020,14.6,27.9,57.5,9.01,55.87
Sierra Leone,2020,44.6,11.6,43.8,3.51,6.69
Singapore,2020,0.1,14.8,85.0,4.1,349.17
Slovak Republic,2020,2.6,36.6,60.9,6.72,107.73
Slovenia,2020,4.1,34.0,61.9,4.97,53.38
Solomon Islands,2020,38.1,11.3,50.6,0.86,1.54
Somalia,2020,26.7,17.6,55.7,19.41,8.63
South Africa,2020,21.4,17.6,61.0,29.22,337.98
Spain,2020,4.0,20.5,75.5,15.53,1289.78
Sri Lanka,2020,27.1,26.9,46.0,5.36,84.34
St. Lucia,2020,7.6,13.0,79.4,25.22,1.5
St. Vincent and the Grenadines,2020,10.2,19.6,70.2,20.64,0.86
Sudan,2020,41.1,14.3,44.5,11.96,27.03
Suriname,2020,7.8,26.3,65.8,8.76,2.91
Sweden,2020,1.7,18.3,80.0,8.29,545.15
Switzerland,2020,2.5,20.4,77.1,4.82,742.0
Syrian Arab Republic,2020,16.1,22.3,61.6,15.19,12.05
Tajikistan,2020,44.8,20.1,35.1,12.32,8.13
Tanzania,2020,65.8,8.0,26.2,2.78,66.07
Thailand,2020,31.4,22.6,46.0,1.1,500.46
Timor-Leste,2020,42.5,12.2,45.4,2.78,2.16
Togo,2020,31.8,19.8,48.4,2.22,7.4
Tonga,2020,28.8,26.9,44.3,2.7,0.5
Trinidad and Tobago,2020,3.1,26.0,71.0,4.21,20.99
Tunisia,2020,14.5,33.3,52.2,17.66,42.49
Turkiye,2020,17.6,26.2,56.2,13.15,720.34
Turkmenistan,2020,23.4,33.5,43.1,4.5,45.82
Uganda,2020,67.9,7.1,25.0,3.83,37.6
Ukraine,2020,15.3,23.9,60.9,9.48,156.62
United Arab Emirates,2020,1.8,27.6,70.6,4.29,349.47
United Kingdom,2020,1.0,18.2,80.8,4.47,2696.78
United States,2020,1.7,19.4,78.8,8.06,21354.1
Uruguay,2020,8.0,18.2,73.8,10.41,53.56
Uzbekistan,2020,26.9,23.7,49.4,5.29,66.44
Vanuatu,2020,44.7,10.7,44.7,4.05,0.91
Viet Nam,2020,32.6,31.1,36.3,2.1,346.62
Virgin Islands (U.S.),2020,1.4,15.2,83.5,15.19,4.23
West Bank and Gaza,2020,6.4,30.6,63.0,25.9,15.53
Zambia,2020,59.1,8.7,32.2,6.03,18.14
Zimbabwe,2020,58.8,12.2,29.0,8.62,26.87
Afghanistan,2021,46.6,18.6,34.8,11.99,14.26
Albania,2021,35.6,21.2,43.2,11.47,18.03
Algeria,2021,10.0,30.9,59.0,13.63,186.23
Angola,2021,56.7,5.7,37.6,15.8,66.51
Argentina,2021,7.3,20.1,72.6,8.74,486.56
Armenia,2021,53.1,13.9,33.0,15.47,13.88
Australia,2021,2.5,18.9,78.6,5.12,1556.74
Austria,2021,3.7,25.6,70.6,6.46,480.47
Azerbaijan,2021,36.3,14.8,48.9,6.04,54.83
"Bahamas, The",2021,3.1,11.8,85.1,11.03,12.04
Bahrain,2021,0.9,35.0,64.1,1.54,40.84
Bangladesh,2021,37.5,21.8,40.7,5.33,416.27
Barbados,2021,2.8,16.7,80.5,9.43,5.28
Belarus,2021,10.9,30.5,58.6,3.9,69.67
Belgium,2021,0.9,19.4,79.7,6.25,598.52
Belize,2021,17.2,19.2,63.5,10.32,2.42
Benin,2021,29.1,22.2,48.7,1.78,17.69
Bhutan,2021,49.9,15.6,34.5,4.8,2.77
Bolivia,2021,27.6,20.4,51.9,5.09,40.41
Bosnia and Herzegovina,2021,13.8,34.6,51.5,14.9,23.67
Botswana,2021,17.6,16.0,66.5,23.11,18.75
Brazil,2021,9.5,20.7,69.8,13.16,1670.65
Brunei Darussalam,2021,1.4,23.6,75.0,4.9,14.01
Bulgaria,2021,6.3,30.8,62.9,5.27,84.41
Burkina Faso,2021,74.6,6.9,18.5,5.2,19.7
Burundi,2021,85.3,3.1,11.6,1.12,2.78
Cabo Verde,2021,10.5,22.0,67.5,13.98,2.05
Cambodia,2021,37.1,26.4,36.5,0.4,36.79
Cameroon,2021,42.8,15.3,41.9,3.97,45.01
Canada,2021,1.3,19.3,79.4,7.53,2022.38
Central African Republic,2021,71.2,6.2,22.6,6.38,2.52
Chad,2021,69.5,9.5,20.9,1.55,16.87
Chile,2021,6.5,23.0,70.4,9.28,315.33
China,2021,23.2,32.1,44.8,4.55,18201.7
Colombia,2021,15.9,20.1,63.9,13.9,318.52
Comoros,2021,35.2,14.7,50.1,4.39,1.3
"Congo, Dem. Rep.",2021,56.6,10.1,33.3,5.28,55.33
"Congo, Rep.",2021,32.8,22.1,45.1,21.96,14.83
Costa Rica,2021,15.2,17.6,67.2,15.14,64.96
Cote d'Ivoire,2021,46.0,10.5,43.5,2.63,72.79
Croatia,2021,6.8,28.8,64.4,7.61,69.01
Cyprus,2021,2.9,17.9,79.2,7.51,30.37
Czechia,2021,2.5,36.8,60.6,2.8,290.97
Denmark,2021,2.0,19.4,78.6,5.04,408.38
Djibouti,2021,1.2,6.0,92.8,27.67,3.39
Dominican Republic,2021,8.0,20.3,71.7,7.7,94.85
Ecuador,2021,32.2,16.8,51.0,4.55,107.18
"Egypt, Arab Rep.",2021,19.3,28.4,52.4,7.44,424.67
El Salvador,2021,14.9,23.9,61.2,4.33,29.04
Equatorial Guinea,2021,56.0,13.1,30.9,8.98,12.22
Estonia,2021,2.7,29.0,68.3,6.18,37.2
Eswatini,2021,13.6,24.1,62.3,34.15,4.79
Ethiopia,2021,63.5,6.3,30.2,3.94,111.26
Fiji,2021,29.4,14.2,56.4,4.7,4.31
Finland,2021,4.1,21.4,74.5,7.62,294.22
France,2021,2.5,19.4,78.1,7.87,2966.43
Gabon,2021,29.9,16.1,54.0,21.22,19.44
"Gambia, The",2021,48.2,7.5,44.4,6.27,2.01
Georgia,2021,40.7,13.8,45.5,11.79,18.85
Germany,2021,1.3,27.6,71.1,3.59,4348.3
Ghana,2021,40.3,18.8,40.9,3.38,79.51
Greece,2021,11.4,15.3,73.4,14.66,218.3
Guam,2021,0.2,13.5,86.3,5.99,6.23
Guatemala,2021,29.2,22.1,48.8,2.17,86.46
Guinea,2021,60.9,7.1,32.0,5.83,17.07
Guinea-Bissau,2021,50.9,10.5,38.6,3.03,1.88
Guyana,2021,12.5,25.2,62.3,14.56,8.04
Haiti,2021,46.0,12.3,41.7,15.28,20.88
Honduras,2021,24.8,23.3,51.9,8.51,28.14
"Hong Kong SAR, China",2021,0.2,13.6,86.1,5.17,368.95
Hungary,2021,4.4,31.4,64.2,4.04,183.28
Iceland,2021,4.0,18.9,77.1,6.03,25.77
India,2021,44.1,24.5,31.5,6.38,3167.27
Indonesia,2021,29.0,21.8,49.3,3.83,1186.51
"Iran, Islamic Rep.",2021,15.5,34.1,50.3,9.28,383.44
Iraq,2021,8.6,26.5,64.8,16.17,209.69
Ireland,2021,4.5,18.8,76.7,6.36,531.31
Israel,2021,0.8,16.0,83.3,4.81,489.85
Italy,2021,4.1,26.6,69.3,9.5,2179.21
Jamaica,2021,15.7,17.1,67.2,5.19,14.66
Japan,2021,3.2,23.7,73.1,2.83,5039.15
Jordan,2021,3.3,18.4,78.3,19.84,46.3
Kazakhstan,2021,13.2,21.5,65.3,5.55,197.11
Kenya,2021,33.3,15.6,51.2,5.69,109.7
"Korea, Rep.",2021,5.3,24.6,70.0,3.64,1818.43
Kuwait,2021,2.0,25.3,72.8,3.0,148.35
Kyrgyz Republic,2021,25.2,24.5,50.3,4.1,9.25
Lao PDR,2021,67.8,7.7,24.5,2.07,18.83
Latvia,2021,6.8,23.5,69.7,7.51,38.18
Lebanon,2021,3.6,20.6,75.7,12.67,23.13
Lesotho,2021,30.0,34.8,35.2,18.23,2.41
Liberia,2021,39.9,8.3,51.8,3.84,3.51
Libya,2021,9.5,22.8,67.7,19.64,35.22
Lithuania,2021,5.3,26.3,68.4,7.11,67.04
Luxembourg,2021,1.1,9.4,89.5,5.57,86.39
"Macao SAR, China",2021,0.5,14.1,85.4,2.23,30.97
Madagascar,2021,71.2,9.6,19.2,3.49,14.35
Malawi,2021,62.6,8.0,29.3,5.66,12.38
Malaysia,2021,10.3,28.2,61.5,4.64,373.78
Maldives,2021,7.8,25.4,66.8,5.02,5.25
Mali,2021,68.2,9.9,21.8,3.97,23.0
Malta,2021,0.8,18.3,80.9,3.39,19.72
Mauritania,2021,33.7,14.6,51.7,11.14,9.22
Mauritius,2021,5.3,21.8,72.8,7.72,11.48
Mexico,2021,13.1,24.5,62.4,4.02,1316.57
Moldova,2021,57.0,12.0,31.1,0.78,13.69
Mongolia,2021,26.9,21.8,51.3,7.75,15.29
Montenegro,2021,7.4,18.6,74.0,16.54,5.86
Morocco,2021,31.2,24.0,44.8,10.58,142.02
Mozambique,2021,70.5,9.0,20.5,4.05,16.17
Myanmar,2021,46.1,18.6,35.2,4.34,66.35
Namibia,2021,22.0,16.5,61.5,20.92,12.4
Nepal,2021,61.9,17.2,20.8,12.19,36.92
Netherlands,2021,2.3,13.9,83.8,4.21,1054.47
New Caledonia,2021,1.9,22.5,75.6,11.54,10.07
New Zealand,2021,6.1,20.0,73.9,3.78,253.98
Nicaragua,2021,28.3,18.1,53.6,6.12,14.21
Niger,2021,71.3,7.3,21.4,0.78,14.92
Nigeria,2021,38.6,14.4,47.0,5.45,440.83
North Macedonia,2021,11.1,30.9,58.0,15.8,14.0
Norway,2021,2.3,19.1,78.5,4.36,503.37
Oman,2021,6.2,47.0,46.8,1.9,87.32
Pakistan,2021,37.1,25.4,37.5,6.34,348.52
Panama,2021,15.7,16.8,67.5,10.18,67.4
Papua New Guinea,2021,19.0,11.4,69.7,3.0,26.11
Paraguay,2021,19.7,19.5,60.8,7.31,39.95
Peru,2021,27.9,17.0,55.1,5.1,226.33
Philippines,2021,24.3,18.9,56.8,3.4,394.09
Poland,2021,8.4,30.9,60.7,3.27,689.17
Portugal,2021,5.2,23.9,70.9,6.58,256.06
Qatar,2021,1.3,40.9,57.8,0.14,179.73
Romania,2021,18.5,32.9,48.6,5.59,286.58
Russian Federation,2021,5.9,26.6,67.5,4.75,1829.19
Rwanda,2021,56.2,14.4,29.4,15.78,11.08
Samoa,2021,20.6,16.3,63.1,6.61,0.84
Sao Tome and Principe,2021,17.6,20.0,62.4,9.6,0.52
Saudi Arabia,2021,2.7,19.5,77.8,6.62,982.66
Senegal,2021,22.2,22.4,55.4,3.44,27.52
Serbia,2021,14.1,28.9,57.1,9.84,66.16
Sierra Leone,2021,44.1,11.9,44.1,3.56,7.17
Singapore,2021,0.1,14.4,85.4,4.64,436.59
Slovak Republic,2021,3.2,36.5,60.3,6.89,120.56
Slovenia,2021,4.1,30.0,65.9,4.74,61.53
Solomon Islands,2021,37.9,11.4,50.7,0.88,1.52
Somalia,2021,26.5,17.7,55.8,19.66,9.48
South Africa,2021,21.3,17.2,61.5,34.01,420.89
Spain,2021,4.1,20.2,75.8,14.78,1461.24
Sri Lanka,2021,26.9,27.1,46.0,4.98,88.56
St. Lucia,2021,10.6,15.7,73.7,20.51,1.87
St. Vincent and the Grenadines,2021,10.0,19.9,70.0,20.34,0.89
Sudan,2021,40.9,14.5,44.6,11.04,34.23
Suriname,2021,7.8,26.5,65.7,8.49,3.11
Sweden,2021,2.0,18.1,79.9,8.72,637.19
Switzerland,2021,2.4,20.3,77.3,5.01,815.31
Syrian Arab Republic,2021,15.9,22.6,61.5,14.88,14.35
Tajikistan,2021,44.3,20.6,35.1,12.33,8.94
Tanzania,2021,66.0,8.3,25.7,2.82,70.66
Thailand,2021,31.9,22.3,45.8,1.22,506.2
Timor-Leste,2021,37.8,11.5,50.6,2.34,3.62
Togo,2021,31.4,20.0,48.6,2.33,8.34
Tonga,2021,26.7,27.4,45.8,2.11,0.52
Trinidad and Tobago,2021,3.1,26.8,70.1,4.45,24.18
Tunisia,2021,14.4,33.4,52.2,16.61,47.07
Turkiye,2021,17.2,27.5,55.3,11.97,819.86
Turkmenistan,2021,23.2,33.7,43.1,4.46,50.01
Uganda,2021,66.7,7.1,26.2,3.42,40.53
Ukraine,2021,15.1,24.1,60.8,9.83,199.77
United Arab Emirates,2021,1.4,29.7,68.9,3.1,415.18
United Kingdom,2021,1.0,18.2,80.8,4.83,3143.32
United States,2021,1.7,19.2,79.2,5.35,23681.2
Uruguay,2021,8.1,18.5,73.4,9.33,60.74
Uzbekistan,2021,26.5,24.1,49.4,5.36,77.34
Vanuatu,2021,43.5,11.1,45.5,4.77,0.98
Viet Nam,2021,29.0,33.1,37.8,2.38,366.48
Virgin Islands (U.S.),2021,1.3,15.3,83.3,14.27,4.51
West Bank and Gaza,2021,6.7,31.9,61.5,26.39,18.11
Zambia,2021,57.8,10.2,32.0,5.2,22.1
Zimbabwe,2021,53.6,13.5,32.9,9.54,27.24
Afghanistan,2022,46.6,18.3,35.1,14.1,14.5
Albania,2022,34.9,21.4,43.7,10.14,19.02
Algeria,2022,9.7,30.9,59.4,12.35,225.64
Angola,2022,56.3,5.7,38.0,14.6,104.4
Argentina,2022,7.2,20.0,72.8,6.8,632.79
Armenia,2022,52.4,14.0,33.5,13.38,19.51
Australia,2022,2.2,18.6,79.2,3.73,1690.86
Austria,2022,3.5,26.4,70.1,4.99,471.77
Azerbaijan,2022,35.6,14.9,49.5,5.65,78.81
"Bahamas, The",2022,3.0,11.8,85.2,9.27,13.9
Bahrain,2022,0.9,34.8,64.3,1.33,46.46
Bangladesh,2022,36.9,21.9,41.3,4.59,460.13
Barbados,2022,2.7,16.5,80.8,8.36,6.26
Belarus,2022,10.6,30.4,59.0,3.57,73.78
Belgium,2022,0.9,19.1,80.0,5.57,593.62
Belize,2022,16.8,19.6,63.6,8.76,2.85
Benin,2022,28.4,22.3,49.3,1.68,17.43
Bhutan,2022,44.0,15.2,40.8,5.95,2.9
Bolivia,2022,27.0,20.6,52.4,3.55,44.01
Bosnia and Herzegovina,2022,16.9,33.5,49.6,12.66,24.53
Botswana,2022,17.6,15.7,66.7,23.62,20.32
Brazil,2022,8.7,20.5,70.8,9.23,1951.92
Brunei Darussalam,2022,1.4,24.2,74.4,5.19,16.68
Bulgaria,2022,6.4,30.0,63.5,4.27,90.51
Burkina Faso,2022,74.2,7.0,18.8,5.39,18.82
Burundi,2022,85.1,3.1,11.8,0.92,3.34
Cabo Verde,2022,10.1,22.0,67.9,12.25,2.25
Cambodia,2022,36.6,26.6,36.8,0.23,39.99
Cameroon,2022,42.2,15.4,42.4,3.65,44.35
Canada,2022,1.3,19.2,79.6,5.28,2190.41
Central African Republic,2022,70.8,6.3,22.9,5.96,2.38
Chad,2022,69.2,9.6,21.2,1.1,17.83
Chile,2022,6.3,22.8,70.9,8.25,301.23
China,2022,22.6,32.2,45.3,4.98,18316.8
Colombia,2022,14.6,20.3,65.0,10.55,345.63
Comoros,2022,34.6,15.0,50.4,3.82,1.28
"Congo, Dem. Rep.",2022,56.1,10.2,33.7,4.52,65.8
"Congo, Rep.",2022,32.3,22.2,45.6,20.11,15.82
Costa Rica,2022,13.4,19.0,67.6,11.32,69.24
Cote d'Ivoire,2022,45.6,10.5,44.0,2.31,70.92
Croatia,2022,5.9,28.4,65.7,6.96,71.2
Cyprus,2022,2.4,17.2,80.5,6.81,30.94
Czechia,2022,2.5,36.4,61.0,2.22,301.83
Denmark,2022,2.1,19.1,78.8,4.43,401.95
Djibouti,2022,1.2,6.0,92.9,26.31,3.56
Dominican Republic,2022,7.7,20.3,72.0,5.5,113.48
Ecuador,2022,31.5,17.3,51.1,3.76,116.13
"Egypt, Arab Rep.",2022,18.7,28.4,53.0,7.34,476.75
El Salvador,2022,15.0,23.4,61.6,3.0,31.87
Equatorial Guinea,2022,55.5,13.1,31.3,8.46,13.69
Estonia,2022,2.6,28.6,68.8,5.57,38.38
Eswatini,2022,13.4,24.0,62.6,35.36,4.74
Ethiopia,2022,62.8,6.5,30.7,3.41,126.77
Fiji,2022,28.8,14.2,57.0,4.45,4.97
Finland,2022,3.8,21.4,74.8,6.72,280.25
France,2022,2.6,19.3,78.2,7.31,2796.3
Gabon,2022,29.3,16.2,54.5,20.4,20.44
"Gambia, The",2022,47.5,7.5,45.0,6.08,2.2
Georgia,2022,39.9,13.8,46.3,11.65,24.98
Germany,2022,1.2,26.9,71.9,3.12,4163.6
Ghana,2022,39.7,18.9,41.4,3.08,73.92
Greece,2022,11.2,15.6,73.3,12.43,218.88
Guam,2022,0.2,13.4,86.4,5.45,6.91
Guatemala,2022,27.1,22.0,50.8,3.05,95.64
Guinea,2022,60.3,7.2,32.4,5.27,19.91
Guinea-Bissau,2022,50.3,10.6,39.1,2.67,1.84
Guyana,2022,11.9,25.4,62.7,12.01,14.72
Haiti,2022,45.5,12.3,42.2,14.64,20.25
Honduras,2022,24.2,23.4,52.3,8.77,31.43
"Hong Kong SAR, China",2022,0.2,14.0,85.8,4.32,358.68
Hungary,2022,4.4,31.4,64.3,3.61,177.54
Iceland,2022,4.1,18.0,77.9,3.79,28.7
India,2022,42.9,26.1,31.0,4.82,3346.11
Indonesia,2022,29.3,21.9,48.8,3.46,1319.1
"Iran, Islamic Rep.",2022,15.1,34.2,50.7,9.09,394.36
Iraq,2022,8.4,27.5,64.1,15.51,287.37
Ireland,2022,4.0,19.2,76.8,4.5,548.57
Israel,2022,0.8,15.7,83.5,3.7,525.18
Italy,2022,3.8,26.9,69.3,8.07,2104.07
Jamaica,2022,15.3,17.2,67.5,4.08,17.1
Japan,2022,3.1,23.6,73.3,2.6,4262.46
Jordan,2022,3.2,18.2,78.6,18.2,48.76
Kazakhstan,2022,12.9,21.5,65.6,4.86,225.5
Kenya,2022,32.6,15.6,51.8,5.71,114.45
"Korea, Rep.",2022,5.4,24.5,70.1,2.86,1673.92
Kuwait,2022,1.9,25.2,72.9,2.17,183.5
Kyrgyz Republic,2022,24.6,24.6,50.9,4.04,12.13
Lao PDR,2022,69.6,7.2,23.3,1.21,15.47
Latvia,2022,6.8,23.7,69.5,6.82,38.01
Lebanon,2022,3.5,20.4,76.0,11.6,20.99
Lesotho,2022,29.4,35.0,35.6,16.69,2.35
Liberia,2022,39.3,8.3,52.4,2.98,4.0
Libya,2022,9.2,22.8,68.0,19.28,43.25
Lithuania,2022,5.5,25.7,68.8,5.96,71.03
Luxembourg,2022,1.1,9.1,89.8,4.59,80.8
"Macao SAR, China",2022,0.5,14.5,85.0,2.48,25.0
Madagascar,2022,70.1,9.9,20.1,3.19,15.33
Malawi,2022,62.1,8.1,29.8,5.04,12.43
Malaysia,2022,10.0,28.1,61.9,3.93,407.61
Maldives,2022,7.3,25.2,67.5,4.42,6.18
Mali,2022,68.0,10.1,21.9,2.39,22.37
Malta,2022,0.8,17.2,82.0,2.92,19.24
Mauritania,2022,33.0,14.7,52.3,10.53,9.56
Mauritius,2022,5.1,21.5,73.4,6.32,12.91
Mexico,2022,12.6,25.0,62.3,3.26,1466.46
Moldova,2022,55.4,12.7,31.9,0.9,14.53
Mongolia,2022,26.3,22.1,51.6,6.21,17.15
Montenegro,2022,7.2,18.5,74.3,14.85,6.23
Morocco,2022,30.8,24.0,45.3,9.49,130.95
Mozambique,2022,70.1,9.1,20.8,3.6,18.88
Myanmar,2022,45.5,18.8,35.7,3.06,62.25
Namibia,2022,21.6,16.6,61.9,19.7,12.57
Nepal,2022,61.4,17.5,21.2,10.84,41.18
Netherlands,2022,1.9,14.0,84.1,3.53,1046.54
New Caledonia,2022,1.8,22.4,75.8,10.71,9.62
New Zealand,2022,6.0,20.8,73.2,3.3,249.51
Nicaragua,2022,27.7,18.2,54.1,4.96,15.63
Niger,2022,70.9,7.4,21.7,0.42,15.43
Nigeria,2022,38.0,14.6,47.5,3.82,477.4
North Macedonia,2022,9.7,30.4,59.9,14.48,13.93
Norway,2022,2.2,19.3,78.5,3.23,596.3
Oman,2022,6.1,46.9,47.0,3.3,109.85
Pakistan,2022,36.4,25.5,38.1,5.48,374.89
Panama,2022,15.3,16.7,68.0,8.09,76.28
Papua New Guinea,2022,18.5,11.5,70.0,2.69,31.65
Paraguay,2022,17.4,18.7,63.8,6.76,41.95
Peru,2022,25.7,17.5,56.8,3.85,246.07
Philippines,2022,23.7,18.9,57.4,2.6,404.35
Poland,2022,8.3,30.8,60.9,2.81,695.61
Portugal,2022,5.0,24.0,71.0,6.01,256.9
Qatar,2022,1.3,40.0,58.7,0.13,235.71
Romania,2022,18.0,32.8,49.2,5.61,296.35
Russian Federation,2022,5.7,26.6,67.8,3.87,2291.61
Rwanda,2022,56.0,14.4,29.6,15.08,13.32
Samoa,2022,20.1,16.3,63.6,5.05,0.83
Sao Tome and Principe,2022,17.1,20.0,62.8,8.99,0.54
Saudi Arabia,2022,2.9,16.9,80.2,5.59,1239.08
Senegal,2022,21.5,22.6,55.8,2.84,27.78
Serbia,2022,13.6,29.1,57.4,8.44,66.8
Sierra Leone,2022,43.3,12.0,44.6,3.18,7.12
Singapore,2022,0.1,14.2,85.7,3.59,509.02
Slovak Republic,2022,2.5,35.9,61.6,6.14,115.88
Slovenia,2022,4.3,30.2,65.5,4.01,59.93
Solomon Islands,2022,37.3,11.4,51.3,1.48,1.57
Somalia,2022,25.9,17.8,56.3,19.05,10.2
South Africa,2022,19.3,18.1,62.7,33.27,406.92
Spain,2022,3.8,20.1,76.1,12.92,1446.5
Sri Lanka,2022,26.4,27.0,46.5,4.53,74.14
St. Lucia,2022,10.5,16.8,72.7,15.93,2.34
St. Vincent and the Grenadines,2022,9.7,19.9,70.4,19.42,0.99
Sudan,2022,40.4,14.5,45.0,7.53,51.67
Suriname,2022,7.5,26.4,66.0,8.16,3.79
Sweden,2022,1.9,17.2,80.9,7.39,579.9
Switzerland,2022,2.3,20.3,77.4,4.12,828.51
Syrian Arab Republic,2022,15.5,22.7,61.8,13.27,23.62
Tajikistan,2022,43.5,20.8,35.7,11.63,10.71
Tanzania,2022,65.5,8.5,26.0,2.59,75.77
Thailand,2022,30.4,22.2,47.3,0.94,495.64
Timor-Leste,2022,39.2,11.8,49.0,1.54,3.21
Togo,2022,30.8,20.0,49.2,1.96,8.17
Tonga,2022,26.9,27.6,45.5,2.3,0.52
Trinidad and Tobago,2022,3.0,26.7,70.3,4.38,28.51
Tunisia,2022,14.0,33.4,52.6,15.3,44.95
Turkiye,2022,16.7,27.7,55.6,10.46,907.12
Turkmenistan,2022,22.7,33.7,43.6,4.11,58.97
Uganda,2022,66.3,7.3,26.4,2.89,45.57
United Arab Emirates,2022,1.4,29.6,69.0,2.87,502.73
United Kingdom,2022,1.0,18.1,80.9,3.73,3114.04
United States,2022,1.6,19.3,79.1,3.65,26006.9
Uruguay,2022,8.4,18.1,73.6,7.88,70.59
Uzbekistan,2022,25.9,24.2,49.9,4.49,90.1
Vanuatu,2022,42.3,11.2,46.4,5.14,1.03
Viet Nam,2022,33.6,30.6,35.8,1.52,413.44
Virgin Islands (U.S.),2022,1.3,15.2,83.5,13.01,4.67
West Bank and Gaza,2022,6.2,32.6,61.2,24.42,19.17
Zambia,2022,57.3,10.3,32.3,6.0,29.16
Zimbabwe,2022,52.6,13.8,33.6,10.09,32.79
